penalty_player_id,penalty_player_name,penalty_type,penalty_yards,down,ydstogo,yardline_100,qtr,quarter_seconds_remaining,epa,wpa,posteam,game_id,week
00-0026008,M.Mulligan,Offensive Pass Interference,10.0,1.0,10.0,80.0,2.0,487.0,-1.1432621462736279,-0.027332812547683716,CHI,2014_01_BUF_CHI,1
00-0025516,S.Chandler,Unnecessary Roughness,15.0,2.0,6.0,36.0,2.0,57.0,-1.5380808905465528,-0.03163212537765503,BUF,2014_01_BUF_CHI,1
00-0027668,B.Spikes,Unnecessary Roughness,11.0,2.0,1.0,35.0,3.0,299.0,1.2183838938944973,0.05163651704788208,CHI,2014_01_BUF_CHI,1
00-0023645,D.Anderson,Intentional Grounding,10.0,2.0,6.0,71.0,3.0,339.0,-2.128415181301534,-0.037885963916778564,CAR,2014_01_CAR_TB,1
00-0028497,K.Aiken,Unnecessary Roughness,6.0,,0.0,35.0,1.0,625.0,-0.9585719380993396,-0.01081472635269165,BAL,2014_01_CIN_BAL,1
00-0025405,L.Hall,Face Mask,15.0,3.0,2.0,85.0,1.0,569.0,1.907815441954881,0.05110064148902893,BAL,2014_01_CIN_BAL,1
00-0031296,C.Mosley,Unnecessary Roughness,13.0,2.0,7.0,24.0,2.0,691.0,1.065424530301243,0.04104423522949219,CIN,2014_01_CIN_BAL,1
00-0027793,A.Brown,Unnecessary Roughness,15.0,4.0,5.0,86.0,2.0,529.0,-0.8405172338243574,0.0016526579856872559,CLE,2014_01_CLE_PIT,1
00-0021891,I.Taylor,Face Mask,15.0,1.0,10.0,80.0,3.0,900.0,2.226793719222769,0.0033063627779483795,CLE,2014_01_CLE_PIT,1
00-0027975,J.Sheard,Unnecessary Roughness,6.0,4.0,5.0,50.0,4.0,439.0,0.10981139482464641,0.09245425462722778,PIT,2014_01_CLE_PIT,1
00-0030074,D.Bakhtiari,Unsportsmanlike Conduct,10.0,1.0,10.0,90.0,3.0,293.0,-1.586296749068424,-0.019329212605953217,GB,2014_01_GB_SEA,1
00-0029261,C.Hayward,Face Mask,15.0,2.0,12.0,46.0,4.0,258.0,1.9481828811112791,0.002704918384552002,SEA,2014_01_GB_SEA,1
00-0029142,W.Guy,Unnecessary Roughness,15.0,1.0,10.0,60.0,2.0,667.0,2.572694187227171,0.0440850704908371,PHI,2014_01_JAX_PHI,1
00-0026944,C.Munnerlyn,Unnecessary Roughness,15.0,1.0,10.0,80.0,2.0,856.0,1.1220506278332323,0.03533414006233215,LA,2014_01_MIN_STL,1
00-0029640,B.Quick,Face Mask,15.0,1.0,10.0,52.0,2.0,424.0,0.6765893053961918,0.030458837747573853,LA,2014_01_MIN_STL,1
00-0029614,C.Givens,Offensive Pass Interference,10.0,2.0,10.0,41.0,2.0,351.0,-1.0999744246946648,-0.030667513608932495,LA,2014_01_MIN_STL,1
00-0029794,D.Bates,Taunting,15.0,,0.0,35.0,3.0,611.0,0.449322288390249,0.007079005241394043,MIN,2014_01_MIN_STL,1
00-0027061,J.Cook,Offensive Pass Interference,7.0,2.0,19.0,86.0,4.0,809.0,-0.7956710872240365,-0.0014150049537420273,LA,2014_01_MIN_STL,1
00-0025866,R.Wendell,Face Mask,15.0,3.0,6.0,20.0,1.0,100.0,-1.5494260764680803,-0.06520873308181763,NE,2014_01_NE_MIA,1
00-0027681,B.LaFell,Offensive Pass Interference,10.0,2.0,6.0,41.0,4.0,630.0,-1.1479963352903724,-0.0758737325668335,NE,2014_01_NE_MIA,1
00-0025389,C.Johnson,Illegal Touch Pass,5.0,2.0,10.0,68.0,1.0,817.0,-0.7536098719574511,-0.020553529262542725,DET,2014_01_NYG_DET,1
00-0020445,D.Raiola,Face Mask,15.0,2.0,10.0,23.0,2.0,214.0,-1.6344703191425651,-0.03271228075027466,DET,2014_01_NYG_DET,1
00-0027690,E.Decker,Offensive Pass Interference,9.0,3.0,7.0,46.0,3.0,620.0,-1.078762905439362,-0.03175795078277588,NYJ,2014_01_OAK_NYJ,1
00-0024193,W.Colon,Face Mask,15.0,1.0,10.0,18.0,3.0,317.0,-1.5002783644013107,-0.04166597127914429,NYJ,2014_01_OAK_NYJ,1
00-0022097,B.Lloyd,Offensive Pass Interference,10.0,3.0,7.0,61.0,4.0,720.0,-0.9130095669534057,-0.0014652013778686523,SF,2014_01_SF_DAL,1
00-0027947,T.Smith,Unnecessary Roughness,15.0,1.0,10.0,21.0,4.0,187.0,-1.7326860095490701,-0.00041266600601375103,DAL,2014_01_SF_DAL,1
00-0022723,S.Phillips,Unnecessary Roughness,15.0,3.0,7.0,77.0,2.0,165.0,1.9673726230394095,0.05843806266784668,KC,2014_01_TEN_KC,1
00-0022341,G.Wilson,Unnecessary Roughness,15.0,1.0,10.0,83.0,4.0,752.0,0.950583724770695,0.0027390336617827415,KC,2014_01_TEN_KC,1
00-0030541,B.Wreh-Wilson,Taunting,5.0,2.0,10.0,10.0,4.0,621.0,1.067898686917033,0.0038608815521001816,KC,2014_01_TEN_KC,1
00-0031442,T.Lewan,Face Mask,15.0,2.0,7.0,46.0,4.0,178.0,-0.7690686180721968,-0.0005800127983093262,TEN,2014_01_TEN_KC,1
00-0029665,R.Griffin,Intentional Grounding,15.0,1.0,10.0,44.0,2.0,61.0,-1.38098001643084,-0.03546985983848572,WAS,2014_01_WAS_HOU,1
00-0026407,J.McClain,Unnecessary Roughness,15.0,3.0,17.0,29.0,1.0,687.0,2.404635527636856,0.08305737376213074,ARI,2014_02_ARI_NYG,2
00-0027674,J.Veldheer,Face Mask,15.0,1.0,10.0,58.0,2.0,21.0,-0.4479771076585166,-0.03434610366821289,ARI,2014_02_ARI_NYG,2
00-0030585,J.Pugh,Unnecessary Roughness,10.0,2.0,8.0,80.0,3.0,860.0,-1.934270579367876,-0.06006258726119995,NYG,2014_02_ARI_NYG,2
00-0030471,S.Williams,Unnecessary Roughness,15.0,,0.0,35.0,4.0,515.0,-0.01508934237062931,0.0,CIN,2014_02_ATL_CIN,2
00-0029527,L.Holmes,Unnecessary Roughness,15.0,1.0,10.0,71.0,4.0,116.0,-0.956878398777917,-0.0014081194531172514,ATL,2014_02_ATL_CIN,2
00-0023462,R.White,Unnecessary Roughness,15.0,2.0,10.0,59.0,4.0,47.0,-0.6742881512036547,-0.00017229310469701886,ATL,2014_02_ATL_CIN,2
00-0030767,L.McCray,Unnecessary Roughness,15.0,,0.0,35.0,1.0,168.0,0.8777730762958527,0.014330536127090454,CHI,2014_02_CHI_SF,2
00-0026184,M.Forte,Illegal Touch Pass,5.0,1.0,10.0,35.0,2.0,72.0,-0.5045366936828941,-0.00582258403301239,CHI,2014_02_CHI_SF,2
00-0026725,D.Skuta,Unnecessary Roughness,10.0,,0.0,35.0,3.0,900.0,-0.7131478311493993,-0.009705305099487305,SF,2014_02_CHI_SF,2
00-0027974,C.Kaepernick,Unsportsmanlike Conduct,3.0,1.0,10.0,78.0,4.0,809.0,-7.080926569469739,-0.22057852149009705,SF,2014_02_CHI_SF,2
00-0022750,D.Edwards,Unnecessary Roughness,15.0,2.0,10.0,80.0,4.0,280.0,1.7480399492196739,-0.000897666672244668,DET,2014_02_DET_CAR,2
00-0022923,D.Hall,Unnecessary Roughness,15.0,1.0,10.0,84.0,2.0,443.0,0.929235395276919,0.00475621223449707,JAX,2014_02_JAX_WAS,2
00-0030644,A.Davis,Unnecessary Roughness,15.0,4.0,1.0,62.0,2.0,205.0,-0.9484594649402425,-0.013838514685630798,WAS,2014_02_JAX_WAS,2
00-0027857,T.Williams,Unsportsmanlike Conduct,15.0,1.0,6.0,6.0,3.0,596.0,-1.7790884854621254,-0.002383410930633545,WAS,2014_02_JAX_WAS,2
00-0029142,W.Guy,Unnecessary Roughness,10.0,2.0,9.0,28.0,4.0,752.0,1.3951425121049397,0.00005042552947998047,WAS,2014_02_JAX_WAS,2
00-0023436,A.Smith,Illegal Forward Pass,5.0,3.0,19.0,42.0,1.0,382.0,-1.458249805495143,-0.021531879901885986,KC,2014_02_KC_DEN,2
,,Unsportsmanlike Conduct,15.0,,0.0,35.0,3.0,575.0,6.015703111886978,0.15196615384483292,BUF,2014_02_MIA_BUF,2
00-0030540,A.Dobson,Offensive Pass Interference,10.0,3.0,4.0,55.0,2.0,724.0,-1.379432352958247,-0.02808290719985962,NE,2014_02_NE_MIN,2
00-0024267,G.Jennings,Offensive Pass Interference,10.0,3.0,6.0,20.0,2.0,33.0,-0.8905305833905004,-0.06256639957427979,MIN,2014_02_NE_MIN,2
00-0029669,D.Hightower,Unnecessary Roughness,15.0,2.0,9.0,66.0,4.0,397.0,-3.9091087074484676,-0.00020308574312366545,MIN,2014_02_NE_MIN,2
,,Unsportsmanlike Conduct,15.0,3.0,4.0,45.0,2.0,502.0,0.877118208212778,0.01661299169063568,GB,2014_02_NYJ_GB,2
00-0027968,M.Wilkerson,Unsportsmanlike Conduct,15.0,,0.0,2.0,3.0,345.0,1.053,0.05773793312907216,GB,2014_02_NYJ_GB,2
00-0023918,J.Bush,Taunting,15.0,,0.0,35.0,3.0,128.0,0.8118498018011451,0.016339391469955444,NYJ,2014_02_NYJ_GB,2
00-0027378,C.Maragos,Unnecessary Roughness,15.0,,0.0,35.0,2.0,396.0,1.3971163916867226,0.03087097406387329,IND,2014_02_PHI_IND,2
00-0026369,C.Williams,Face Mask,15.0,2.0,9.0,70.0,3.0,592.0,1.95379980688449,0.02292776107788086,IND,2014_02_PHI_IND,2
00-0028066,C.Allen,Face Mask,15.0,1.0,10.0,85.0,1.0,413.0,1.9977711730170995,0.046659231185913086,BAL,2014_02_PIT_BAL,2
00-0022119,T.Polamalu,Unnecessary Roughness,4.0,2.0,7.0,15.0,3.0,337.0,1.3249645235482603,0.02528458833694458,BAL,2014_02_PIT_BAL,2
00-0027023,M.Mitchell,Unnecessary Roughness,1.0,2.0,2.0,2.0,3.0,284.0,0.527596766827628,0.007660090923309326,BAL,2014_02_PIT_BAL,2
00-0027023,M.Mitchell,Face Mask,10.0,3.0,6.0,41.0,3.0,24.0,2.9636705308803357,0.024689555168151855,BAL,2014_02_PIT_BAL,2
00-0029193,B.Irvin,Unnecessary Roughness,12.0,3.0,7.0,24.0,3.0,253.0,1.5215456273290329,0.03376269340515137,LAC,2014_02_SEA_SD,2
00-0025425,Z.Miller,Unnecessary Roughness,5.0,4.0,11.0,90.0,4.0,111.0,-4.088945365860127,-0.05994153022766113,SEA,2014_02_SEA_SD,2
00-0029621,G.Zuerlein,Face Mask,15.0,,0.0,35.0,3.0,161.0,3.1542225022567436,0.067970871925354,TB,2014_02_STL_TB,2
00-0023921,M.Austin,Offensive Pass Interference,10.0,1.0,10.0,54.0,1.0,74.0,-0.958264235407114,-0.007062375545501709,CLE,2014_03_BAL_CLE,3
00-0031296,C.Mosley,Unnecessary Roughness,14.0,1.0,10.0,30.0,3.0,629.0,0.959492436319124,0.03754115104675293,CLE,2014_03_BAL_CLE,3
00-0026625,B.Hoyer,Illegal Forward Pass,5.0,3.0,16.0,16.0,4.0,482.0,-0.5610493109795134,-0.02492964267730713,CLE,2014_03_BAL_CLE,3
00-0031048,W.Sutton,Unnecessary Roughness,15.0,1.0,10.0,79.0,1.0,895.0,1.8381228703074157,0.038123130798339844,NYJ,2014_03_CHI_NYJ,3
00-0027657,L.Houston,Unsportsmanlike Conduct,15.0,2.0,7.0,41.0,2.0,299.0,1.349402921507135,0.04595823585987091,NYJ,2014_03_CHI_NYJ,3
00-0027422,D.McCray,Unnecessary Roughness,15.0,3.0,5.0,19.0,2.0,230.0,3.344181719352491,0.08942888745794197,NYJ,2014_03_CHI_NYJ,3
00-0024244,N.Mangold,Unnecessary Roughness,15.0,1.0,10.0,18.0,3.0,310.0,-5.146049216855317,-0.13769814372062683,NYJ,2014_03_CHI_NYJ,3
00-0029291,T.Manning,Unnecessary Roughness,15.0,4.0,21.0,91.0,3.0,238.0,-1.2086130334064364,-0.01806780695915222,CHI,2014_03_CHI_NYJ,3
00-0029640,B.Quick,Offensive Pass Interference,10.0,2.0,5.0,43.0,1.0,38.0,-1.0352053677197546,-0.018685579299926758,LA,2014_03_DAL_STL,3
00-0028442,R.Lockette,Offensive Pass Interference,10.0,2.0,6.0,69.0,2.0,286.0,-1.1612884713103995,-0.025040745735168457,SEA,2014_03_DEN_SEA,3
00-0026160,A.Talib,Unnecessary Roughness,12.0,1.0,10.0,35.0,4.0,132.0,1.6261425748234615,0.022157907485961914,SEA,2014_03_DEN_SEA,3
00-0029417,J.Crick,Face Mask,15.0,1.0,10.0,80.0,3.0,369.0,1.944638402434066,0.008936285972595215,NYG,2014_03_HOU_NYG,3
,,Unsportsmanlike Conduct,15.0,3.0,7.0,95.0,1.0,640.0,3.160723120905459,0.0716962218284607,KC,2014_03_KC_MIA,3
,,Unsportsmanlike Conduct,15.0,3.0,1.0,1.0,3.0,734.0,1.248169198865071,0.05740113337641739,MIA,2014_03_KC_MIA,3
00-0026944,C.Munnerlyn,Unnecessary Roughness,15.0,3.0,13.0,68.0,3.0,14.0,2.5216897532809526,0.07170963287353516,NO,2014_03_MIN_NO,3
00-0027681,B.LaFell,Offensive Pass Interference,10.0,3.0,5.0,61.0,4.0,611.0,-1.17094533611089,-0.05047029256820679,NE,2014_03_OAK_NE,3
00-0028738,B.Bell,Face Mask,15.0,1.0,10.0,49.0,2.0,146.0,-0.873862398089841,-0.026307761669158936,CAR,2014_03_PIT_CAR,3
00-0029678,D.DeCastro,Unnecessary Roughness,15.0,2.0,10.0,28.0,2.0,33.0,-1.335620467318222,-0.03010571002960205,PIT,2014_03_PIT_CAR,3
00-0025464,M.Spaeth,Offensive Pass Interference,10.0,1.0,10.0,80.0,3.0,381.0,-1.2037621529307216,-0.022944271564483643,PIT,2014_03_PIT_CAR,3
00-0027202,M.Palmer,Offensive Pass Interference,10.0,1.0,1.0,1.0,3.0,201.0,-1.7036298364400864,-0.023165762424468994,PIT,2014_03_PIT_CAR,3
00-0027668,B.Spikes,Unnecessary Roughness,5.0,1.0,9.0,9.0,1.0,647.0,0.8064809200004674,0.005602240562438965,LAC,2014_03_SD_BUF,3
00-0029542,S.Gilmore,Face Mask,15.0,2.0,9.0,88.0,2.0,476.0,2.0051936281379312,0.042697131633758545,LAC,2014_03_SD_BUF,3
00-0030526,E.Manuel,Intentional Grounding,9.0,1.0,10.0,91.0,4.0,208.0,-2.1974810953252017,-0.03750406950712204,BUF,2014_03_SD_BUF,3
00-0030548,E.Reid,Face Mask,10.0,3.0,4.0,25.0,1.0,18.0,1.4861861858516932,0.053579747676849365,ARI,2014_03_SF_ARI,3
00-0026725,D.Skuta,Unnecessary Roughness,15.0,2.0,6.0,62.0,3.0,417.0,1.6631506673293188,0.06325286626815796,ARI,2014_03_SF_ARI,3
00-0022084,A.Boldin,Unnecessary Roughness,15.0,2.0,5.0,12.0,3.0,107.0,-0.481205596763175,-0.001094907522201538,SF,2014_03_SF_ARI,3
00-0029638,M.Floyd,Offensive Pass Interference,10.0,2.0,10.0,20.0,4.0,578.0,-1.0012286972487345,-0.016700804233551025,ARI,2014_03_SF_ARI,3
00-0025398,P.Willis,Unnecessary Roughness,5.0,3.0,6.0,16.0,4.0,492.0,1.954357246751897,0.015016317367553711,ARI,2014_03_SF_ARI,3
00-0023503,C.Roby,Face Mask,15.0,,0.0,35.0,1.0,723.0,0.8272735024802387,0.020823776721954346,TB,2014_03_TB_ATL,3
00-0024272,D.Hester,Taunting,15.0,4.0,6.0,94.0,2.0,445.0,-4.770681182970293,-0.0008649356044306833,TB,2014_03_TB_ATL,3
00-0028042,L.Stocker,Unnecessary Roughness,15.0,,0.0,20.0,2.0,426.0,-0.19540177378803492,-0.0,TB,2014_03_TB_ATL,3
00-0026784,E.Dietrich-Smith,Unnecessary Roughness,15.0,2.0,13.0,60.0,3.0,690.0,-1.9613510984927416,-0.00027348671574145555,TB,2014_03_TB_ATL,3
00-0030402,A.Spence,Unnecessary Roughness,15.0,1.0,10.0,52.0,3.0,539.0,0.6797270698007196,0.000030219554901123047,ATL,2014_03_TB_ATL,3
00-0026784,E.Dietrich-Smith,Unnecessary Roughness,15.0,1.0,20.0,75.0,3.0,410.0,-1.7505701640620828,-0.00007667033059988171,TB,2014_03_TB_ATL,3
00-0030541,B.Wreh-Wilson,Face Mask,6.0,4.0,10.0,60.0,2.0,289.0,0.8308480682317168,-0.00925232470035553,CIN,2014_03_TEN_CIN,3
00-0026999,M.Oher,Unnecessary Roughness,15.0,1.0,10.0,22.0,2.0,44.0,-0.3575911997468211,-0.0005127117037773132,TEN,2014_03_TEN_CIN,3
00-0029560,D.Kirkpatrick,Unnecessary Roughness,15.0,1.0,10.0,65.0,4.0,476.0,2.2098202103516087,0.000013767872587777674,TEN,2014_03_TEN_CIN,3
00-0029560,D.Kirkpatrick,Face Mask,0.0,2.0,9.0,29.0,4.0,410.0,2.8371499095810577,0.0005259266763459891,TEN,2014_03_TEN_CIN,3
00-0025828,W.Woodyard,Unnecessary Roughness,15.0,1.0,10.0,47.0,4.0,368.0,1.0042720090714283,-0.00001430511474609375,CIN,2014_03_TEN_CIN,3
00-0027245,V.Rey,Unnecessary Roughness,15.0,3.0,10.0,73.0,4.0,179.0,1.7832595128566027,3.766857844311744e-6,TEN,2014_03_TEN_CIN,3
00-0027652,N.Allen,Unnecessary Roughness,15.0,2.0,9.0,48.0,1.0,746.0,2.432872812729329,0.09888193011283875,WAS,2014_03_WAS_PHI,3
00-0026345,P.Garcon,Taunting,15.0,1.0,10.0,20.0,1.0,714.0,-1.5249440859770402,-0.05729186534881592,WAS,2014_03_WAS_PHI,3
00-0030644,A.Davis,Face Mask,15.0,4.0,3.0,73.0,3.0,680.0,-0.6695618296507746,0.0013266801834106445,WAS,2014_03_WAS_PHI,3
00-0028083,J.Rodgers,Unnecessary Roughness,15.0,1.0,20.0,56.0,2.0,641.0,-1.0093985181301832,-0.024480968713760376,ATL,2014_04_ATL_MIN,4
00-0027944,J.Jones,Offensive Pass Interference,10.0,1.0,10.0,80.0,4.0,218.0,-0.6590629136189818,-0.016636870801448822,ATL,2014_04_ATL_MIN,4
00-0026166,D.Brown,Unnecessary Roughness,15.0,1.0,10.0,40.0,2.0,631.0,-6.047602785634808,-0.1667107343673706,HOU,2014_04_BUF_HOU,4
00-0030564,D.Hopkins,Unsportsmanlike Conduct,15.0,2.0,1.0,35.0,2.0,63.0,5.194575831876136,0.11136614981012127,HOU,2014_04_BUF_HOU,4
00-0026166,D.Brown,Offensive Pass Interference,10.0,1.0,10.0,60.0,3.0,113.0,-0.8231394810136408,-0.033102333545684814,HOU,2014_04_BUF_HOU,4
00-0030564,D.Hopkins,Offensive Pass Interference,10.0,1.0,10.0,40.0,4.0,410.0,-0.9566583549021743,-0.02775198221206665,HOU,2014_04_BUF_HOU,4
00-0031359,K.Benjamin,Offensive Pass Interference,10.0,3.0,8.0,17.0,1.0,512.0,-0.8518266156315804,-0.034574538469314575,CAR,2014_04_CAR_BAL,4
00-0027560,A.McClellan,Unnecessary Roughness,15.0,4.0,4.0,41.0,1.0,256.0,-0.8987304270267487,-0.026522845029830933,BAL,2014_04_CAR_BAL,4
00-0026498,M.Stafford,Intentional Grounding,13.0,1.0,10.0,40.0,2.0,900.0,-1.7631522517185658,-0.07344383001327515,DET,2014_04_DET_NYJ,4
00-0027440,S.Shields,Unnecessary Roughness,10.0,4.0,1.0,35.0,1.0,45.0,2.6878992238780484,0.12916433811187744,CHI,2014_04_GB_CHI,4
00-0022780,D.Williams,Unnecessary Roughness,15.0,3.0,2.0,30.0,2.0,686.0,1.693673767906148,0.04995131492614746,GB,2014_04_GB_CHI,4
00-0030441,K.Long,Unnecessary Roughness,15.0,2.0,9.0,9.0,2.0,9.0,-3.0022611935273744,-0.05862930417060852,CHI,2014_04_GB_CHI,4
00-0025424,E.Weddle,Unnecessary Roughness,15.0,1.0,2.0,2.0,2.0,449.0,0.8853101760032587,0.027654257946783778,JAX,2014_04_JAX_SD,4
00-0029600,A.Branch,Unnecessary Roughness,12.0,1.0,10.0,24.0,4.0,900.0,0.6472459579817951,0.002499222755432129,LAC,2014_04_JAX_SD,4
00-0027831,K.Conner,Unsportsmanlike Conduct,14.0,1.0,10.0,62.0,4.0,708.0,1.1551433457061648,0.011325005441904068,JAX,2014_04_JAX_SD,4
00-0027297,A.Howard,Unnecessary Roughness,15.0,,0.0,2.0,1.0,578.0,0.010720833107992322,0.011972783875324966,LV,2014_04_MIA_OAK,4
00-0031280,D.Carr,Intentional Grounding,17.0,1.0,10.0,57.0,2.0,444.0,-2.0377530744299293,-0.057110995054244995,LV,2014_04_MIA_OAK,4
00-0031367,G.Jackson,Unnecessary Roughness,15.0,1.0,10.0,65.0,3.0,173.0,-5.845776523347013,-0.00034741294803097844,LV,2014_04_MIA_OAK,4
00-0030422,D.Sims,Offensive Pass Interference,10.0,1.0,10.0,16.0,3.0,153.0,-1.0584904355928302,0.000055670738220214844,MIA,2014_04_MIA_OAK,4
00-0025940,H.Abdullah,Unsportsmanlike Conduct,15.0,3.0,4.0,74.0,4.0,644.0,-7.064161121379584,-9.730705642141402e-6,NE,2014_04_NE_KC,4
00-0026035,D.Amendola,Face Mask,15.0,2.0,7.0,68.0,4.0,198.0,-1.5412961184047163,-1.560656528454274e-6,NE,2014_04_NE_KC,4
00-0028114,D.Harris,Unnecessary Roughness,15.0,4.0,8.0,57.0,4.0,856.0,-0.6189135545864701,8.366332622244954e-6,DAL,2014_04_NO_DAL,4
00-0027784,C.Geathers,Unsportsmanlike Conduct,15.0,,0.0,2.0,2.0,854.0,0.010720833107992322,0.004781842231750488,NYG,2014_04_NYG_WAS,4
00-0026257,Q.Demps,Unnecessary Roughness,15.0,2.0,10.0,69.0,2.0,116.0,2.5995341750676744,0.07476945221424103,WAS,2014_04_NYG_WAS,4
,,Offensive Pass Interference,10.0,3.0,2.0,57.0,1.0,616.0,-1.6441271202638745,-0.046556949615478516,SF,2014_04_PHI_SF,4
00-0027758,R.Cooper,Offensive Pass Interference,4.0,2.0,17.0,92.0,2.0,845.0,-0.17335548729170114,-0.0,PHI,2014_04_PHI_SF,4
00-0021570,K.Osgood,Face Mask,15.0,4.0,7.0,64.0,2.0,553.0,-6.490689323050901,-0.16817995968421384,SF,2014_04_PHI_SF,4
00-0029119,D.Carrier,Offensive Pass Interference,10.0,3.0,3.0,24.0,4.0,565.0,-1.4889510477660224,-0.0581589937210083,SF,2014_04_PHI_SF,4
00-0027745,C.Thomas,Face Mask,15.0,2.0,10.0,55.0,1.0,680.0,1.9891204326413572,0.039856672286987305,TB,2014_04_TB_PIT,4
00-0030496,L.Bell,Taunting,15.0,2.0,10.0,60.0,1.0,273.0,0.4947491877246648,0.017676204442977905,PIT,2014_04_TB_PIT,4
00-0027793,A.Brown,Unsportsmanlike Conduct,15.0,3.0,11.0,11.0,1.0,20.0,3.3494505445705727,0.12926755290922398,PIT,2014_04_TB_PIT,4
00-0027969,C.Heyward,Unsportsmanlike Conduct,15.0,2.0,3.0,3.0,3.0,751.0,1.3937318813987076,0.05063487179131965,TB,2014_04_TB_PIT,4
00-0022119,T.Polamalu,Face Mask,15.0,1.0,10.0,61.0,4.0,841.0,1.091941376682371,0.018904760479927063,TB,2014_04_TB_PIT,4
00-0028954,R.Golden,Face Mask,15.0,4.0,11.0,45.0,4.0,435.0,-1.1260598273947835,-0.018586963415145874,PIT,2014_04_TB_PIT,4
00-0030563,B.Werner,Unnecessary Roughness,15.0,3.0,8.0,78.0,3.0,821.0,3.3272711145691574,0.05861370265483856,TEN,2014_04_TEN_IND,4
00-0027685,E.Sanders,Offensive Pass Interference,10.0,2.0,10.0,80.0,2.0,640.0,-1.0712221544235945,-0.021292507648468018,DEN,2014_05_ARI_DEN,5
00-0027874,D.Thomas,Offensive Pass Interference,10.0,1.0,10.0,62.0,2.0,325.0,-0.8504153955727816,-0.01953226327896118,DEN,2014_05_ARI_DEN,5
00-0027944,J.Jones,Offensive Pass Interference,10.0,1.0,10.0,66.0,4.0,99.0,-0.4127857059938833,-0.0024148188531398773,ATL,2014_05_ATL_NYG,5
00-0020498,R.Wayne,Offensive Pass Interference,10.0,1.0,6.0,6.0,2.0,93.0,-1.174606191139901,-0.035114943981170654,IND,2014_05_BAL_IND,5
00-0031171,P.Brown,Unnecessary Roughness,15.0,2.0,10.0,80.0,3.0,47.0,1.949229578487575,0.04057973623275757,DET,2014_05_BUF_DET,5
00-0031130,C.Jones,Face Mask,6.0,2.0,1.0,13.0,3.0,467.0,0.22470556339249015,-0.004811465740203857,CAR,2014_05_CHI_CAR,5
00-0024334,B.Marshall,Unnecessary Roughness,15.0,2.0,5.0,75.0,3.0,397.0,-0.025925559923052788,-0.0,CHI,2014_05_CHI_CAR,5
00-0027656,R.Gronkowski,Unsportsmanlike Conduct,15.0,3.0,3.0,66.0,1.0,67.0,0.75217798165977,0.013826966285705566,NE,2014_05_CIN_NE,5
00-0019596,T.Brady,Intentional Grounding,10.0,3.0,8.0,50.0,2.0,847.0,-2.229051972972229,-0.016571879386901855,NE,2014_05_CIN_NE,5
00-0030421,J.Collins,Unnecessary Roughness,15.0,4.0,6.0,58.0,2.0,554.0,-1.4513467161450535,-0.003992289304733276,NE,2014_05_CIN_NE,5
00-0031425,D.Easley,Unnecessary Roughness,15.0,1.0,10.0,53.0,2.0,509.0,0.9981536553241313,0.005187511444091797,CIN,2014_05_CIN_NE,5
00-0031442,T.Lewan,Unnecessary Roughness,15.0,,0.0,2.0,2.0,881.0,0.010720833107992322,0.0074504464864730835,TEN,2014_05_CLE_TEN,5
00-0027027,A.Levitre,Unnecessary Roughness,15.0,1.0,10.0,55.0,3.0,635.0,-1.6036513468716294,-0.01627480983734131,TEN,2014_05_CLE_TEN,5
00-0031059,M.Huff,Unsportsmanlike Conduct,13.0,4.0,6.0,74.0,3.0,108.0,-1.1140599204227328,-0.006403446197509766,TEN,2014_05_CLE_TEN,5
00-0021678,T.Romo,Intentional Grounding,10.0,3.0,6.0,76.0,4.0,136.0,-1.2532790965633467,-0.03513377904891968,DAL,2014_05_HOU_DAL,5
00-0030035,A.Thielen,Unsportsmanlike Conduct,15.0,4.0,7.0,63.0,3.0,521.0,-1.7762901592068374,-0.000031669856980443,MIN,2014_05_MIN_GB,5
00-0029559,Q.Coples,Unnecessary Roughness,8.0,1.0,10.0,15.0,2.0,697.0,0.550796179799363,0.006675422191619873,LAC,2014_05_NYJ_SD,5
00-0027322,D.Nelson,Offensive Pass Interference,10.0,2.0,1.0,65.0,2.0,31.0,-0.4593828453216702,-0.012533798813819885,NYJ,2014_05_NYJ_SD,5
00-0030066,B.Winters,Unnecessary Roughness,9.0,2.0,10.0,76.0,3.0,332.0,-2.264668731717393,-0.000040480110328644514,NYJ,2014_05_NYJ_SD,5
00-0029006,S.Hakim,Unnecessary Roughness,15.0,4.0,25.0,91.0,3.0,297.0,-0.06494971760548651,-0.00004880403866991401,NYJ,2014_05_NYJ_SD,5
00-0020245,M.Vick,Intentional Grounding,17.0,3.0,8.0,75.0,4.0,757.0,-2.733597828540951,0.00005030031024944037,NYJ,2014_05_NYJ_SD,5
00-0020245,M.Vick,Illegal Forward Pass,5.0,3.0,12.0,12.0,4.0,295.0,-0.8477372595807537,-0.0003515021235216409,NYJ,2014_05_NYJ_SD,5
00-0027963,J.Carpenter,Unnecessary Roughness,15.0,1.0,10.0,41.0,4.0,774.0,-1.366043575340882,-0.019225358963012695,SEA,2014_05_SEA_WAS,5
00-0027979,J.Jenkins,Face Mask,15.0,1.0,10.0,80.0,4.0,215.0,1.1698350643273443,0.014264941215515137,SEA,2014_05_SEA_WAS,5
00-0030050,R.Armstrong,Unnecessary Roughness,15.0,4.0,1.0,71.0,1.0,369.0,-2.1560669869650155,-0.02482515573501587,LA,2014_05_STL_PHI,5
00-0031418,A.Seferian-Jenkins,Face Mask,16.0,1.0,10.0,33.0,2.0,206.0,-1.4486645889119245,-0.02279357612133026,TB,2014_05_TB_NO,5
00-0027089,L.Murphy,Unsportsmanlike Conduct,15.0,1.0,9.0,9.0,3.0,724.0,1.7506212991429493,0.07180738541841425,TB,2014_05_TB_NO,5
00-0026028,D.Lansanah,Unsportsmanlike Conduct,15.0,3.0,6.0,70.0,3.0,691.0,-7.879478047601879,-0.17461974613361897,NO,2014_05_TB_NO,5
00-0027965,J.Smith,Unsportsmanlike Conduct,15.0,1.0,10.0,47.0,3.0,443.0,1.0838393995072693,-0.00002176023554056883,TB,2014_06_BAL_TB,6
00-0029670,M.Barron,Unnecessary Roughness,15.0,2.0,7.0,59.0,3.0,278.0,1.5074913068674505,0.00026911497116088867,BAL,2014_06_BAL_TB,6
00-0031380,D.Dennard,Unnecessary Roughness,11.0,4.0,1.0,60.0,2.0,737.0,-0.014755005948245525,0.010452181100845337,CAR,2014_06_CAR_CIN,6
00-0028912,V.Burfict,Unnecessary Roughness,15.0,1.0,10.0,53.0,2.0,626.0,1.4315380165353417,0.029760926961898804,CAR,2014_06_CAR_CIN,6
00-0031359,K.Benjamin,Offensive Pass Interference,10.0,2.0,10.0,17.0,3.0,21.0,-1.1705755545990542,-0.03358334302902222,CAR,2014_06_CAR_CIN,6
00-0029792,P.Worrilow,Unnecessary Roughness,14.0,3.0,6.0,28.0,1.0,5.0,1.8415300718043,0.056952834129333496,CHI,2014_06_CHI_ATL,6
00-0029137,A.Jeffery,Illegal Touch Pass,5.0,2.0,8.0,8.0,4.0,670.0,-0.5520414111670107,-0.011038780212402344,CHI,2014_06_CHI_ATL,6
00-0027046,T.Knighton,Unsportsmanlike Conduct,15.0,,0.0,2.0,2.0,27.0,-0.0,-0.0,DEN,2014_06_DEN_NYJ,6
00-0030573,S.Richardson,Unnecessary Roughness,4.0,2.0,6.0,11.0,3.0,527.0,1.2064653327106498,0.004221320152282715,DEN,2014_06_DEN_NYJ,6
00-0023459,A.Rodgers,Intentional Grounding,13.0,1.0,10.0,40.0,2.0,292.0,-1.748394429218024,-0.04930073022842407,GB,2014_06_GB_MIA,6
00-0022044,A.Johnson,Offensive Pass Interference,10.0,1.0,10.0,44.0,4.0,300.0,-1.0065387088106945,-0.03585973381996155,HOU,2014_06_IND_HOU,6
00-0024296,C.Whitehurst,Intentional Grounding,12.0,3.0,7.0,42.0,2.0,594.0,-2.4221076073590666,-0.08685874938964844,TEN,2014_06_JAX_TEN,6
00-0027881,J.Hughes,Unsportsmanlike Conduct,15.0,3.0,1.0,38.0,1.0,202.0,1.5090100624365732,0.048810482025146484,NE,2014_06_NE_BUF,6
00-0031325,S.Watkins,Offensive Pass Interference,10.0,3.0,2.0,59.0,3.0,98.0,-1.5630915653891861,-0.03401745855808258,BUF,2014_06_NE_BUF,6
00-0030383,D.Harmon,Face Mask,15.0,3.0,12.0,69.0,3.0,71.0,3.8742930340813473,0.0860508531332016,BUF,2014_06_NE_BUF,6
00-0030431,R.Woods,Offensive Pass Interference,10.0,2.0,10.0,30.0,3.0,48.0,-1.1615669218590483,-0.01900416612625122,BUF,2014_06_NE_BUF,6
00-0031238,W.Richburg,Unnecessary Roughness,15.0,2.0,5.0,54.0,2.0,454.0,-1.447650054236874,-0.017363928258419037,NYG,2014_06_NYG_PHI,6
00-0029316,K.Beachum,Unnecessary Roughness,15.0,1.0,1.0,1.0,4.0,465.0,-2.5902661205618642,-0.00032832079159561545,PIT,2014_06_PIT_CLE,6
00-0028924,T.Gipson,Taunting,15.0,1.0,10.0,74.0,4.0,219.0,1.320970461005345,-1.147091097664088e-6,PIT,2014_06_PIT_CLE,6
00-0025465,J.Jones,Offensive Pass Interference,10.0,2.0,10.0,34.0,2.0,59.0,-0.9392695019487292,-0.06291300058364868,LV,2014_06_SD_OAK,6
00-0031280,D.Carr,Intentional Grounding,13.0,3.0,8.0,73.0,4.0,303.0,-1.7659537380095571,-0.08457416296005249,LV,2014_06_SD_OAK,6
00-0031258,J.Attaochu,Face Mask,15.0,1.0,10.0,80.0,4.0,116.0,0.5709002357907593,0.015222132205963135,LV,2014_06_SD_OAK,6
00-0027061,J.Cook,Offensive Pass Interference,10.0,3.0,9.0,46.0,2.0,173.0,-0.8305441602133214,-0.0055307745933532715,LA,2014_06_SF_STL,6
00-0030986,E.Westbrooks,Unsportsmanlike Conduct,0.0,4.0,2.0,2.0,4.0,346.0,-2.9039867547689937,-0.016497284173965454,SF,2014_06_SF_STL,6
00-0020337,S.Smith,Unnecessary Roughness,15.0,3.0,9.0,16.0,3.0,212.0,-4.926051808753982,-0.015690332278609276,BAL,2014_07_ATL_BAL,7
00-0027965,J.Smith,Face Mask,4.0,1.0,10.0,13.0,4.0,463.0,0.9370269093196839,-0.000019449740648269653,ATL,2014_07_ATL_BAL,7
00-0026238,T.DeCoud,Unnecessary Roughness,15.0,1.0,10.0,51.0,1.0,185.0,1.735268063377589,0.023209869861602783,GB,2014_07_CAR_GB,7
00-0027675,E.Dickson,Offensive Pass Interference,10.0,1.0,10.0,77.0,2.0,840.0,-1.042907165363431,-0.014149576425552368,CAR,2014_07_CAR_GB,7
00-0027002,C.Matthews,Unsportsmanlike Conduct,13.0,2.0,9.0,18.0,4.0,660.0,0.8544556236010976,0.00010718802514020354,CAR,2014_07_CAR_GB,7
00-0028052,C.Shorts,Offensive Pass Interference,10.0,2.0,6.0,69.0,3.0,272.0,-1.3442717532161623,-0.028257906436920166,JAX,2014_07_CLE_JAX,7
00-0027581,S.Ajirotutu,Face Mask,15.0,,0.0,35.0,1.0,195.0,0.912982358597219,0.030655622482299805,KC,2014_07_KC_SD,7
00-0024268,A.Fasano,Offensive Pass Interference,10.0,2.0,5.0,65.0,3.0,420.0,-1.2050387868657708,-0.04781106114387512,KC,2014_07_KC_SD,7
00-0027956,C.Liuget,Face Mask,15.0,2.0,10.0,92.0,4.0,107.0,1.7155602778075263,0.09957599639892578,KC,2014_07_KC_SD,7
00-0027077,B.Hartline,Offensive Pass Interference,10.0,1.0,10.0,34.0,2.0,92.0,-0.8347450942383148,-0.010932743549346924,MIA,2014_07_MIA_CHI,7
00-0024334,B.Marshall,Offensive Pass Interference,10.0,1.0,10.0,66.0,4.0,900.0,-1.0982812100555748,-0.01791362464427948,CHI,2014_07_MIA_CHI,7
00-0029701,R.Tannehill,Intentional Grounding,10.0,3.0,7.0,9.0,4.0,594.0,-1.3039088868070778,-0.002626955509185791,MIA,2014_07_MIA_CHI,7
00-0027547,M.Sherels,Illegal Touch Kick,5.0,4.0,1.0,62.0,3.0,276.0,0.160134878475219,-0.028986811637878418,MIN,2014_07_MIN_BUF,7
00-0023541,K.Orton,Intentional Grounding,10.0,1.0,10.0,20.0,4.0,41.0,-1.4225376843824051,-0.14275459945201874,BUF,2014_07_MIN_BUF,7
00-0027081,G.Quin,Unnecessary Roughness,10.0,1.0,10.0,29.0,1.0,12.0,1.150845613447018,0.018676280975341797,NO,2014_07_NO_DET,7
00-0024813,P.Thomas,Face Mask,15.0,1.0,9.0,9.0,2.0,900.0,-1.2245811552274972,-0.02180236577987671,NO,2014_07_NO_DET,7
00-0029657,A.Hicks,Unnecessary Roughness,15.0,2.0,8.0,79.0,2.0,790.0,1.8551301946863532,0.05413484573364258,DET,2014_07_NO_DET,7
00-0024466,M.Colston,Offensive Pass Interference,10.0,3.0,5.0,75.0,3.0,308.0,-1.4863620265386999,-0.048002004623413086,NO,2014_07_NO_DET,7
00-0029212,T.Whitehead,Unnecessary Roughness,15.0,1.0,10.0,70.0,3.0,108.0,1.1031139728147537,0.03072226047515869,NO,2014_07_NO_DET,7
00-0030011,J.Devey,Unnecessary Roughness,15.0,2.0,10.0,12.0,2.0,17.0,-1.4675827945466153,-0.06817132234573364,NE,2014_07_NYJ_NE,7
00-0027681,B.LaFell,Offensive Pass Interference,10.0,2.0,9.0,9.0,4.0,502.0,-1.074157391791232,0.026239335536956787,NE,2014_07_NYJ_NE,7
00-0029640,B.Quick,Unnecessary Roughness,15.0,1.0,5.0,5.0,1.0,1.0,-2.228555134963244,-0.05598485469818115,LA,2014_07_SEA_STL,7
00-0030487,T.Simon,Face Mask,10.0,2.0,22.0,22.0,2.0,900.0,1.5611818130128086,0.03759896755218506,LA,2014_07_SEA_STL,7
00-0030993,A.Lynch,Unnecessary Roughness,15.0,3.0,7.0,77.0,2.0,417.0,2.694712092867121,0.04258698225021362,DEN,2014_07_SF_DEN,7
00-0027984,O.Franklin,Unnecessary Roughness,12.0,2.0,9.0,79.0,3.0,873.0,-1.8442165260203183,-0.018376469612121582,DEN,2014_07_SF_DEN,7
00-0029620,B.Marshall,Face Mask,15.0,3.0,3.0,80.0,4.0,648.0,1.6572282006964087,-0.00001729717041598633,SF,2014_07_SF_DEN,7
00-0022084,A.Boldin,Offensive Pass Interference,10.0,1.0,8.0,8.0,4.0,356.0,-1.3341080523096025,-0.00022190964955370873,SF,2014_07_SF_DEN,7
00-0029604,K.Cousins,Intentional Grounding,15.0,3.0,5.0,56.0,2.0,7.0,-0.18588925007497892,0.029111653566360474,WAS,2014_07_TEN_WAS,7
00-0026984,E.Monroe,Unsportsmanlike Conduct,15.0,1.0,8.0,8.0,4.0,396.0,1.8395522094215266,0.0964601460855462,BAL,2014_08_BAL_CIN,8
00-0020337,S.Smith Sr.,Offensive Pass Interference,10.0,3.0,10.0,80.0,4.0,47.0,-0.15838586719473824,-0.04902471601963043,BAL,2014_08_BAL_CIN,8
00-0029272,N.Bradham,Taunting,15.0,3.0,8.0,88.0,1.0,527.0,-1.6888559663202614,-0.030277222394943237,NYJ,2014_08_BUF_NYJ,8
00-0020245,M.Vick,Unsportsmanlike Conduct,15.0,2.0,7.0,81.0,2.0,532.0,0.21368009317666292,0.001719936728477478,NYJ,2014_08_BUF_NYJ,8
00-0025521,A.Barnes,Unnecessary Roughness,15.0,2.0,12.0,73.0,4.0,685.0,1.68306684657,0.0012484192848205566,BUF,2014_08_BUF_NYJ,8
00-0029272,N.Bradham,Face Mask,3.0,4.0,3.0,10.0,4.0,265.0,3.140919807658065,0.00012912566307932138,NYJ,2014_08_BUF_NYJ,8
00-0030441,K.Long,Unnecessary Roughness,3.0,2.0,6.0,85.0,2.0,102.0,-1.2979154337663203,-0.02448642998933792,CHI,2014_08_CHI_NE,8
00-0025753,J.Ihedigbo,Unnecessary Roughness,15.0,2.0,8.0,35.0,2.0,377.0,1.4567530690110289,0.015979111194610596,ATL,2014_08_DET_ATL,8
00-0031381,D.Adams,Offensive Pass Interference,10.0,1.0,10.0,13.0,2.0,187.0,-1.2879950572387315,-0.026162803173065186,GB,2014_08_GB_NO,8
00-0031442,T.Lewan,Face Mask,15.0,2.0,9.0,69.0,1.0,337.0,-1.7084489110857248,-0.014572679996490479,TEN,2014_08_HOU_TEN,8
00-0029668,A.Luck,Intentional Grounding,5.0,2.0,10.0,95.0,4.0,758.0,-0.988744200556539,-0.020305737853050232,IND,2014_08_IND_PIT,8
00-0031242,S.Stephen,Face Mask,15.0,1.0,10.0,65.0,3.0,336.0,1.0670039583928883,0.023178711533546448,TB,2014_08_MIN_TB,8
00-0029432,C.Ford,Offensive Pass Interference,10.0,3.0,5.0,75.0,4.0,796.0,-1.2946216869167984,-0.047970354557037354,MIN,2014_08_MIN_TB,8
00-0028601,B.Ross,Unnecessary Roughness,9.0,2.0,10.0,39.0,2.0,458.0,2.068045180174522,0.03620332479476929,CLE,2014_08_OAK_CLE,8
00-0028263,A.Holmes,Offensive Pass Interference,10.0,1.0,10.0,70.0,4.0,791.0,-0.8945684656500816,-0.023161672055721283,LV,2014_08_OAK_CLE,8
00-0030990,J.Huff,Offensive Pass Interference,8.0,1.0,5.0,84.0,2.0,108.0,-0.3938263119198382,-0.06424325704574585,PHI,2014_08_PHI_ARI,8
00-0029568,M.Jackson,Unnecessary Roughness,15.0,3.0,11.0,81.0,3.0,822.0,-1.6446093490812927,-0.02662813663482666,LAC,2014_08_SD_DEN,8
00-0027682,D.Butler,Unnecessary Roughness,15.0,2.0,9.0,50.0,3.0,780.0,1.5290111849317327,0.043124258518218994,DEN,2014_08_SD_DEN,8
00-0030527,A.Ogletree,Unnecessary Roughness,15.0,1.0,10.0,94.0,3.0,789.0,1.4008686440065503,0.01976555585861206,KC,2014_08_STL_KC,8
00-0031394,E.Gaines,Unnecessary Roughness,15.0,3.0,13.0,78.0,3.0,707.0,3.8057000434491783,0.05946671962738037,KC,2014_08_STL_KC,8
00-0030527,A.Ogletree,Unnecessary Roughness,3.0,2.0,13.0,13.0,4.0,426.0,1.9407969583407976,0.0002970099449157715,KC,2014_08_STL_KC,8
00-0031192,J.Thomas,Unnecessary Roughness,10.0,,0.0,35.0,4.0,388.0,-0.7380864585284144,-0.000015132565749809146,LA,2014_08_STL_KC,8
00-0027215,L.Paulsen,Unsportsmanlike Conduct,15.0,2.0,5.0,33.0,2.0,633.0,-1.8915586250368506,-0.022080600261688232,WAS,2014_08_WAS_DAL,8
00-0024405,J.Mincey,Unnecessary Roughness,15.0,,0.0,2.0,4.0,818.0,0.012202876062428536,0.005386987277646527,WAS,2014_08_WAS_DAL,8
00-0021678,T.Romo,Intentional Grounding,10.0,3.0,1.0,68.0,4.0,38.0,-0.45721017773030326,-0.11801367998123169,DAL,2014_08_WAS_DAL,8
00-0027560,A.McClellan,Unnecessary Roughness,15.0,4.0,39.0,88.0,2.0,690.0,0.6001104903407395,0.05159875750541687,PIT,2014_09_BAL_PIT,9
00-0022161,T.Suggs,Unnecessary Roughness,15.0,1.0,10.0,86.0,3.0,477.0,1.4070286045316607,0.011432051658630371,PIT,2014_09_BAL_PIT,9
00-0024341,E.Dumervil,Unnecessary Roughness,15.0,2.0,17.0,72.0,3.0,419.0,2.487592737772502,0.025137662887573242,PIT,2014_09_BAL_PIT,9
00-0026223,J.Zuttah,Unnecessary Roughness,15.0,1.0,1.0,1.0,4.0,182.0,0.7420670053688809,-0.0002534267306326665,BAL,2014_09_BAL_PIT,9
00-0030434,V.Williams,Taunting,15.0,,0.0,2.0,4.0,178.0,-0.947,-0.0007322850823403559,BAL,2014_09_BAL_PIT,9
00-0026247,C.Wallace,Unnecessary Roughness,15.0,,0.0,2.0,4.0,111.0,0.010720833107992322,0.00004238420150293187,PIT,2014_09_BAL_PIT,9
00-0019596,T.Brady,Intentional Grounding,11.0,1.0,10.0,38.0,2.0,74.0,-1.2722527663572691,-0.013883233070373535,NE,2014_09_DEN_NE,9
00-0027010,P.Chung,Face Mask,15.0,1.0,10.0,85.0,4.0,373.0,1.2013959942851216,0.000018806924344971776,DEN,2014_09_DEN_NE,9
00-0031241,D.Kennard,Face Mask,15.0,1.0,10.0,68.0,2.0,882.0,1.0374702480621636,0.0207979679107666,IND,2014_09_IND_NYG,9
00-0031309,T.Smith,Unnecessary Roughness,15.0,4.0,5.0,70.0,2.0,4.0,0.09455322026042268,0.01076158881187439,JAX,2014_09_JAX_CIN,9
00-0031346,J.Ellis,Face Mask,3.0,1.0,6.0,6.0,1.0,292.0,0.47168133239028975,0.015193343162536621,SEA,2014_09_OAK_SEA,9
00-0030572,D.Hayden,Taunting,15.0,2.0,3.0,53.0,2.0,110.0,1.353337221487891,0.002984285354614258,SEA,2014_09_OAK_SEA,9
00-0026618,M.Bennett,Face Mask,15.0,1.0,10.0,64.0,4.0,254.0,0.8376788680907339,0.0052532777190208435,LV,2014_09_OAK_SEA,9
00-0026995,J.Maclin,Unsportsmanlike Conduct,15.0,1.0,10.0,60.0,2.0,797.0,2.603783686645329,0.10577711462974548,PHI,2014_09_PHI_HOU,9
00-0030507,B.Logan,Face Mask,15.0,1.0,19.0,87.0,3.0,383.0,1.793850597459823,0.03885370492935181,HOU,2014_09_PHI_HOU,9
00-0026901,M.Wallace,Offensive Pass Interference,10.0,1.0,5.0,22.0,1.0,245.0,-1.171010381076485,-0.02400428056716919,MIA,2014_09_SD_MIA,9
00-0027787,E.Sims,Unnecessary Roughness,15.0,1.0,10.0,41.0,1.0,717.0,1.1313493457855657,0.05584985017776489,SF,2014_09_STL_SF,9
00-0031326,B.Ellington,Unsportsmanlike Conduct,5.0,4.0,12.0,48.0,4.0,612.0,0.4464233710896224,0.07129561901092529,LA,2014_09_STL_SF,9
00-0031408,M.Evans,Offensive Pass Interference,10.0,4.0,1.0,37.0,4.0,109.0,-1.0792349779512733,-0.067461758852005,TB,2014_09_TB_CLE,9
00-0029606,H.Smith,Unnecessary Roughness,13.0,3.0,1.0,24.0,3.0,464.0,1.0683316411450505,0.03226920962333679,WAS,2014_09_WAS_MIN,9
00-0026189,D.Jackson,Offensive Pass Interference,10.0,1.0,10.0,61.0,4.0,134.0,-0.6330952204298228,-0.04196232557296753,WAS,2014_09_WAS_MIN,9
00-0031418,A.Seferian-Jenkins,Unsportsmanlike Conduct,15.0,2.0,1.0,1.0,4.0,864.0,0.8421083658467978,0.05988836410848308,TB,2014_10_ATL_TB,10
00-0026239,O.Cousins,Unnecessary Roughness,14.0,1.0,10.0,80.0,4.0,250.0,-1.0675726842600852,-0.016062986105680466,TB,2014_10_ATL_TB,10
00-0026153,J.Stewart,Face Mask,10.0,1.0,10.0,80.0,2.0,693.0,-1.1765889127273113,-0.013607092201709747,CAR,2014_10_CAR_PHI,10
00-0026898,M.Sanchez,Intentional Grounding,20.0,1.0,10.0,38.0,3.0,303.0,-2.0703922007232904,-0.0001385807991027832,PHI,2014_10_CAR_PHI,10
00-0027652,N.Allen,Unnecessary Roughness,15.0,3.0,7.0,62.0,4.0,421.0,2.9118717930978164,0.000015439603885170072,CAR,2014_10_CAR_PHI,10
00-0030046,J.Mills,Unnecessary Roughness,15.0,3.0,12.0,63.0,1.0,54.0,-2.4587593770120293,-0.01954726129770279,CHI,2014_10_CHI_GB,10
00-0031333,H.Clinton-Dix,Unnecessary Roughness,15.0,1.0,10.0,61.0,2.0,693.0,1.5300496511626989,0.0002374409232288599,CHI,2014_10_CHI_GB,10
00-0031041,K.Fuller,Unnecessary Roughness,10.0,1.0,7.0,7.0,2.0,112.0,-5.252202567411587,0.0005362718366086483,GB,2014_10_CHI_GB,10
00-0027853,T.Williams,Unnecessary Roughness,15.0,4.0,10.0,77.0,3.0,802.0,1.6098113851621747,-0.002248024567961693,GB,2014_10_CHI_GB,10
00-0027002,C.Matthews,Unnecessary Roughness,15.0,1.0,10.0,63.0,3.0,571.0,1.0696061151102185,0.000016559206414967775,CHI,2014_10_CHI_GB,10
00-0027997,G.Little,Unnecessary Roughness,15.0,3.0,2.0,62.0,1.0,500.0,-3.3331680269911885,-0.07922112941741943,CIN,2014_10_CLE_CIN,10
00-0027973,A.Dalton,Illegal Forward Pass,5.0,3.0,15.0,24.0,1.0,393.0,-1.0112190403016674,-0.037971675395965576,CIN,2014_10_CLE_CIN,10
00-0030219,E.Martin,Taunting,15.0,,0.0,35.0,2.0,777.0,1.0113395294174552,0.017948240041732788,CIN,2014_10_CLE_CIN,10
00-0027890,B.Tate,Face Mask,15.0,3.0,2.0,89.0,3.0,129.0,1.2191837402060628,0.0049111247062683105,CLE,2014_10_CLE_CIN,10
00-0031310,D.Street,Offensive Pass Interference,10.0,3.0,6.0,64.0,1.0,276.0,-1.3207580409944057,-0.04160919785499573,DAL,2014_10_DAL_JAX,10
00-0031348,A.Hitchens,Unnecessary Roughness,15.0,2.0,9.0,61.0,3.0,200.0,1.6383066403213888,0.001994372345507145,JAX,2014_10_DAL_JAX,10
00-0030543,J.Wilcox,Unnecessary Roughness,5.0,2.0,10.0,24.0,4.0,413.0,-3.502207570709288,-0.00025977788027375937,JAX,2014_10_DAL_JAX,10
00-0010346,P.Manning,Intentional Grounding,10.0,2.0,8.0,55.0,2.0,384.0,-1.7205576763954014,-0.05757564306259155,DEN,2014_10_DEN_OAK,10
00-0030050,R.Armstrong,Unnecessary Roughness,10.0,,0.0,35.0,3.0,900.0,-0.7131478311493993,-0.007432878017425537,LV,2014_10_DEN_OAK,10
,,Unsportsmanlike Conduct,0.0,3.0,5.0,58.0,3.0,236.0,-4.874320142669603,-0.0038441158831119537,LV,2014_10_DEN_OAK,10
00-0027972,A.Williams,Unnecessary Roughness,15.0,3.0,12.0,59.0,1.0,505.0,3.582953296834603,0.06626805663108826,KC,2014_10_KC_BUF,10
00-0029279,J.Johnson,Unnecessary Roughness,4.0,4.0,7.0,55.0,2.0,88.0,0.03319550375454128,0.008524000644683838,BUF,2014_10_KC_BUF,10
00-0025516,S.Chandler,Offensive Pass Interference,10.0,3.0,8.0,66.0,4.0,471.0,-1.1843992378562689,-0.050536155700683594,BUF,2014_10_KC_BUF,10
00-0026233,P.Wheeler,Unnecessary Roughness,14.0,2.0,6.0,27.0,1.0,532.0,1.1522908873157576,0.03306984901428223,DET,2014_10_MIA_DET,10
00-0025389,C.Johnson,Offensive Pass Interference,10.0,2.0,10.0,47.0,1.0,108.0,-0.9683675467967987,-0.005137264728546143,DET,2014_10_MIA_DET,10
00-0025753,J.Ihedigbo,Face Mask,15.0,3.0,7.0,19.0,2.0,346.0,-7.433382417832036,-0.12150980532169342,MIA,2014_10_MIA_DET,10
00-0027855,N.Suh,Face Mask,10.0,3.0,3.0,24.0,2.0,76.0,1.3951854165643454,0.02611294388771057,MIA,2014_10_MIA_DET,10
00-0028564,I.Abdul-Quddus,Unnecessary Roughness,15.0,4.0,19.0,53.0,3.0,685.0,-1.910756528377533,-0.0483265221118927,DET,2014_10_MIA_DET,10
00-0030484,J.Taylor,Face Mask,15.0,1.0,10.0,82.0,3.0,72.0,1.1792386348824948,0.034791797399520874,DET,2014_10_MIA_DET,10
00-0027450,P.Parker,Offensive Pass Interference,10.0,2.0,11.0,48.0,2.0,700.0,-0.7255330646876246,-0.010738551616668701,NYG,2014_10_NYG_SEA,10
00-0026618,M.Bennett,Unnecessary Roughness,15.0,3.0,4.0,84.0,3.0,681.0,2.406833433546126,0.06271439790725708,NYG,2014_10_NYG_SEA,10
00-0024102,T.McDaniel,Unnecessary Roughness,15.0,2.0,8.0,61.0,3.0,609.0,1.5505712046287954,0.06106501817703247,NYG,2014_10_NYG_SEA,10
00-0029263,R.Wilson,Illegal Forward Pass,5.0,3.0,6.0,6.0,3.0,266.0,-1.3486818019037177,-0.061225056648254395,SEA,2014_10_NYG_SEA,10
00-0022695,J.Babin,Unnecessary Roughness,15.0,3.0,5.0,52.0,2.0,765.0,2.0362391013186425,0.013916432857513428,PIT,2014_10_PIT_NYJ,10
00-0027321,J.Cumberland,Offensive Pass Interference,10.0,2.0,7.0,61.0,2.0,205.0,-0.5586868820246309,-0.015437126159667969,NYJ,2014_10_PIT_NYJ,10
,,Unsportsmanlike Conduct,15.0,2.0,11.0,43.0,4.0,115.0,-2.4787109206663445,-0.00022208690643310547,NYJ,2014_10_PIT_NYJ,10
00-0030060,K.Vaccaro,Face Mask,7.0,1.0,10.0,19.0,1.0,846.0,0.6933893815148622,0.009024083614349365,SF,2014_10_SF_NO,10
00-0022084,A.Boldin,Offensive Pass Interference,10.0,1.0,10.0,72.0,2.0,824.0,-0.9750087838619947,-0.016397714614868164,SF,2014_10_SF_NO,10
00-0027696,J.Graham,Offensive Pass Interference,10.0,2.0,10.0,47.0,4.0,4.0,-0.37757533410331234,-0.07193108554929495,NO,2014_10_SF_NO,10
00-0026943,P.Fanaika,Unnecessary Roughness,15.0,3.0,14.0,80.0,1.0,548.0,-1.389484596438706,-0.024539470672607422,ARI,2014_10_STL_ARI,10
00-0029614,C.Givens,Unsportsmanlike Conduct,15.0,2.0,12.0,59.0,2.0,121.0,5.768192444345914,0.24844229413696817,LA,2014_10_STL_ARI,10
00-0030521,J.Hunter,Offensive Pass Interference,10.0,2.0,6.0,80.0,2.0,756.0,-1.3677477773744613,-0.039976656436920166,TEN,2014_10_TEN_BAL,10
00-0024332,L.Washington,Unnecessary Roughness,15.0,3.0,7.0,69.0,2.0,142.0,-1.8935071914456785,-0.06342241168022156,TEN,2014_10_TEN_BAL,10
00-0024258,R.Harper,Unnecessary Roughness,15.0,2.0,9.0,57.0,3.0,189.0,2.3768913965905085,0.010260045528411865,ATL,2014_11_ATL_CAR,11
00-0024272,D.Hester,Unnecessary Roughness,15.0,1.0,10.0,31.0,3.0,171.0,-1.8692650372395292,-0.010515272617340088,ATL,2014_11_ATL_CAR,11
00-0023541,K.Orton,Intentional Grounding,6.0,3.0,24.0,94.0,3.0,71.0,0.2972072968259454,-0.06600111722946167,BUF,2014_11_BUF_MIA,11
00-0027881,J.Hughes,Unsportsmanlike Conduct,15.0,2.0,2.0,49.0,4.0,444.0,0.6823900939198211,0.006111860275268555,MIA,2014_11_BUF_MIA,11
00-0029215,G.Iloka,Unnecessary Roughness,15.0,2.0,10.0,49.0,1.0,712.0,1.3444779495475814,0.0662270188331604,NO,2014_11_CIN_NO,11
00-0024338,D.Peko,Unnecessary Roughness,3.0,2.0,4.0,4.0,2.0,713.0,0.5886398294242099,0.027425527572631836,NO,2014_11_CIN_NO,11
00-0027942,A.Green,Offensive Pass Interference,10.0,1.0,10.0,80.0,4.0,896.0,-1.388665618840605,-0.01507866382598877,CIN,2014_11_CIN_NO,11
00-0028899,R.McLeod,Unnecessary Roughness,15.0,1.0,10.0,53.0,3.0,808.0,1.1279857074841857,0.03455156087875366,DEN,2014_11_DEN_STL,11
00-0024343,R.Sims,Face Mask,15.0,1.0,10.0,37.0,2.0,646.0,-1.3963814788730815,-0.012468412518501282,DET,2014_11_DET_ARI,11
00-0031387,E.Ebron,Offensive Pass Interference,10.0,3.0,5.0,61.0,2.0,197.0,-0.7490707364631817,-0.026555418968200684,DET,2014_11_DET_ARI,11
00-0029061,J.Stanford,Taunting,15.0,4.0,12.0,78.0,4.0,174.0,-0.6039739811094478,-0.0011940691620111465,DET,2014_11_DET_ARI,11
00-0028924,T.Gipson,Face Mask,2.0,2.0,9.0,18.0,1.0,447.0,2.1093723357771523,0.06339120864868164,HOU,2014_11_HOU_CLE,11
00-0028924,T.Gipson,Unnecessary Roughness,15.0,1.0,10.0,72.0,4.0,241.0,2.2993388653267175,0.003910839557647705,HOU,2014_11_HOU_CLE,11
00-0024226,J.Cutler,Unsportsmanlike Conduct,15.0,1.0,10.0,25.0,1.0,442.0,-1.8461344673996791,-0.05739021301269531,CHI,2014_11_MIN_CHI,11
00-0026201,M.Bennett,Offensive Pass Interference,10.0,3.0,6.0,32.0,2.0,445.0,-1.4375589522533119,-0.045217275619506836,CHI,2014_11_MIN_CHI,11
00-0024349,R.Ninkovich,Face Mask,15.0,1.0,10.0,75.0,3.0,664.0,0.8387086109723896,0.017672672867774963,IND,2014_11_NE_IND,11
00-0026307,E.Walden,Face Mask,15.0,3.0,2.0,29.0,4.0,631.0,1.4631503421114758,0.020759761333465576,NE,2014_11_NE_IND,11
00-0027656,R.Gronkowski,Unnecessary Roughness,15.0,1.0,1.0,1.0,4.0,526.0,0.6239665123575833,0.015097606476631276,NE,2014_11_NE_IND,11
00-0021547,A.Gates,Offensive Pass Interference,10.0,1.0,10.0,50.0,1.0,254.0,-1.114493565633893,-0.021867036819458008,LAC,2014_11_OAK_SD,11
00-0028263,A.Holmes,Offensive Pass Interference,4.0,1.0,10.0,92.0,3.0,433.0,-0.6679775505326688,-0.01587698608636856,LV,2014_11_OAK_SD,11
,,Unsportsmanlike Conduct,15.0,4.0,15.0,75.0,1.0,138.0,-4.905023026745766,-0.05232359874352188,PHI,2014_11_PHI_GB,11
00-0023459,A.Rodgers,Intentional Grounding,12.0,2.0,10.0,55.0,3.0,781.0,-1.9641561463940889,-0.0005185604095458984,GB,2014_11_PHI_GB,11
00-0030076,J.Tretter,Unnecessary Roughness,15.0,2.0,20.0,70.0,4.0,242.0,-0.9925517456140369,0.000026166439056396484,GB,2014_11_PHI_GB,11
00-0026935,B.McCain,Face Mask,15.0,2.0,7.0,64.0,1.0,596.0,2.1717385302763432,0.045664459466934204,TEN,2014_11_PIT_TEN,11
00-0029193,B.Irvin,Unnecessary Roughness,5.0,2.0,1.0,56.0,4.0,855.0,3.3270389391691424,0.1434633433818817,KC,2014_11_SEA_KC,11
00-0029562,L.David,Face Mask,6.0,1.0,18.0,25.0,2.0,787.0,1.882447276613675,0.04324391484260559,WAS,2014_11_TB_WAS,11
00-0030386,W.Gholston,Face Mask,15.0,3.0,5.0,49.0,3.0,518.0,1.9049338904442266,0.06810298562049866,WAS,2014_11_TB_WAS,11
00-0026814,D.Dotson,Face Mask,15.0,1.0,10.0,50.0,4.0,900.0,-1.480511055327952,-0.010770976543426514,TB,2014_11_TB_WAS,11
00-0027704,P.Riley,Face Mask,15.0,3.0,11.0,79.0,4.0,524.0,2.527940660715103,0.001035928726196289,TB,2014_11_TB_WAS,11
00-0029657,A.Hicks,Face Mask,15.0,2.0,2.0,35.0,1.0,608.0,1.211863013682887,0.022767961025238037,BAL,2014_12_BAL_NO,12
00-0030060,K.Vaccaro,Unnecessary Roughness,15.0,3.0,10.0,68.0,3.0,770.0,3.776977644301951,0.1529870629310608,BAL,2014_12_BAL_NO,12
00-0024405,J.Mincey,Unnecessary Roughness,8.0,1.0,10.0,18.0,2.0,259.0,0.5179919252113905,0.008542060852050781,NYG,2014_12_DAL_NYG,12
00-0029010,R.Leary,Unnecessary Roughness,15.0,3.0,3.0,45.0,2.0,18.0,-1.9334033241029829,-0.055116280913352966,DAL,2014_12_DAL_NYG,12
00-0022803,E.Manning,Intentional Grounding,10.0,1.0,10.0,42.0,2.0,9.0,-0.8069151129457168,-0.01625913381576538,NYG,2014_12_DAL_NYG,12
00-0026283,O.Scandrick,Unsportsmanlike Conduct,15.0,3.0,12.0,78.0,3.0,346.0,3.6549547074828297,0.09916514158248901,NYG,2014_12_DAL_NYG,12
00-0023624,C.Mosley,Unnecessary Roughness,1.0,4.0,2.0,2.0,4.0,120.0,3.218944612017367,0.00024878978729248047,NE,2014_12_DET_NE,12
00-0030725,C.Lucas,Unnecessary Roughness,15.0,1.0,10.0,54.0,4.0,24.0,-0.6793970364960842,-0.00017382059013471007,DET,2014_12_DET_NE,12
00-0031237,T.Bridgewater,Intentional Grounding,16.0,2.0,6.0,73.0,1.0,339.0,-2.700453406199813,-0.04247856140136719,MIN,2014_12_GB_MIN,12
00-0029687,M.Kalil,Face Mask,15.0,1.0,10.0,23.0,2.0,81.0,-1.4434290992794558,-0.04074004292488098,MIN,2014_12_GB_MIN,12
00-0028133,J.Thomas,Unnecessary Roughness,8.0,2.0,8.0,19.0,2.0,900.0,1.2397199993138202,0.04405301809310913,IND,2014_12_JAX_IND,12
00-0029744,J.McNary,Unnecessary Roughness,15.0,,0.0,35.0,2.0,12.0,-0.05555226487922482,0.0351390540599823,JAX,2014_12_JAX_IND,12
00-0027503,J.Gordy,Unnecessary Roughness,9.0,4.0,12.0,82.0,3.0,282.0,1.9493611324578524,0.005645576864480972,JAX,2014_12_JAX_IND,12
00-0027035,S.Martin,Unnecessary Roughness,15.0,1.0,10.0,67.0,3.0,108.0,2.061608248972334,0.004113256931304932,IND,2014_12_JAX_IND,12
00-0028173,J.Wilson,Unnecessary Roughness,15.0,1.0,10.0,39.0,1.0,402.0,0.8415883647976443,0.04736325144767761,DEN,2014_12_MIA_DEN,12
00-0029563,O.Bolden,Unnecessary Roughness,12.0,4.0,8.0,78.0,1.0,207.0,1.8599333898164332,0.06127554178237915,MIA,2014_12_MIA_DEN,12
00-0027874,D.Thomas,Offensive Pass Interference,10.0,2.0,5.0,5.0,2.0,465.0,-1.3327432652004063,-0.017612308263778687,DEN,2014_12_MIA_DEN,12
00-0025504,M.Ramirez,Unnecessary Roughness,15.0,2.0,1.0,7.0,4.0,382.0,-1.031554636603687,-0.07034415006637573,DEN,2014_12_MIA_DEN,12
00-0029568,M.Jackson,Unnecessary Roughness,15.0,4.0,2.0,43.0,4.0,115.0,3.162070505670272,0.023446055129170418,MIA,2014_12_MIA_DEN,12
00-0029681,J.Jenkins,Unsportsmanlike Conduct,15.0,3.0,8.0,8.0,2.0,712.0,-11.055624312139116,-0.32599742374060947,LAC,2014_12_STL_SD,12
00-0031386,G.Robinson,Face Mask,15.0,2.0,14.0,51.0,2.0,120.0,-0.9503208545502275,-0.01085662841796875,LA,2014_12_STL_SD,12
00-0031408,M.Evans,Unsportsmanlike Conduct,15.0,1.0,10.0,19.0,2.0,811.0,2.5288415572140366,0.05910284480689365,TB,2014_12_TB_CHI,12
00-0027089,L.Murphy,Face Mask,15.0,1.0,10.0,76.0,2.0,101.0,2.189439233217854,0.06262212991714478,TB,2014_12_TB_CHI,12
00-0027029,L.McCoy,Offensive Pass Interference,10.0,3.0,7.0,63.0,1.0,473.0,-1.219435480888933,-0.015215158462524414,PHI,2014_12_TEN_PHI,12
00-0029412,V.Curry,Face Mask,4.0,3.0,5.0,8.0,2.0,550.0,1.6272240348043852,0.023508012294769287,TEN,2014_12_TEN_PHI,12
00-0030561,L.Johnson,Unnecessary Roughness,15.0,1.0,16.0,16.0,3.0,56.0,-1.363991628284566,-0.0030218958854675293,PHI,2014_12_TEN_PHI,12
00-0023367,N.Washington,Offensive Pass Interference,10.0,1.0,10.0,25.0,4.0,552.0,-0.9787090630270541,-0.00014765816740691662,TEN,2014_12_TEN_PHI,12
00-0027691,A.Roberts,Face Mask,7.0,4.0,12.0,58.0,1.0,234.0,1.0071441429900005,0.005806878209114075,SF,2014_12_WAS_SF,12
00-0020840,R.Clark,Unnecessary Roughness,15.0,1.0,10.0,63.0,4.0,283.0,2.786056826589629,0.18305692076683044,SF,2014_12_WAS_SF,12
,,Face Mask,15.0,4.0,10.0,80.0,1.0,655.0,-1.3717102478258312,-0.0264723002910614,ARI,2014_13_ARI_ATL,13
00-0026224,H.Douglas,Offensive Pass Interference,10.0,1.0,10.0,11.0,2.0,17.0,-1.3153907902305946,-0.01642054319381714,ATL,2014_13_ARI_ATL,13
00-0029638,M.Floyd,Offensive Pass Interference,10.0,2.0,8.0,63.0,3.0,752.0,-1.1024752985686064,-0.012926697731018066,ARI,2014_13_ARI_ATL,13
00-0029285,J.Norman,Taunting,15.0,2.0,4.0,74.0,2.0,176.0,0.8965189957525581,0.013014137744903564,MIN,2014_13_CAR_MIN,13
00-0024277,T.Jennings,Unnecessary Roughness,8.0,1.0,10.0,20.0,2.0,317.0,0.7730711968033575,0.032711923122406006,DET,2014_13_CHI_DET,13
00-0027720,G.Atkins,Face Mask,8.0,3.0,2.0,16.0,2.0,817.0,1.120012607658282,0.02801513671875,TB,2014_13_CIN_TB,13
00-0031408,M.Evans,Offensive Pass Interference,10.0,2.0,8.0,78.0,3.0,862.0,-1.1457544076256454,-0.01947617530822754,TB,2014_13_CIN_TB,13
00-0029684,B.Thompson,Unnecessary Roughness,15.0,1.0,10.0,31.0,3.0,122.0,0.8582550206920132,0.05767831206321716,TB,2014_13_CIN_TB,13
00-0027942,A.Green,Offensive Pass Interference,10.0,3.0,6.0,72.0,4.0,547.0,-1.1623627757653594,-0.046023160219192505,CIN,2014_13_CIN_TB,13
00-0027972,A.Williams,Taunting,15.0,1.0,5.0,90.0,1.0,654.0,0.44813190563581884,0.016324549913406372,CLE,2014_13_CLE_BUF,13
00-0029664,J.Gordon,Unsportsmanlike Conduct,15.0,1.0,10.0,79.0,1.0,629.0,-0.21779279969632626,-0.0068254172801971436,CLE,2014_13_CLE_BUF,13
00-0027825,J.Dray,Offensive Pass Interference,10.0,3.0,1.0,75.0,3.0,152.0,-1.9300762170460075,-0.02678053081035614,CLE,2014_13_CLE_BUF,13
00-0029543,D.Stephenson,Unnecessary Roughness,15.0,,0.0,2.0,2.0,182.0,0.010720833107992322,0.009905990616154714,KC,2014_13_DEN_KC,13
00-0027745,C.Thomas,Unnecessary Roughness,3.0,2.0,10.0,37.0,4.0,652.0,3.106955702183768,0.013665378093719482,NO,2014_13_NO_PIT,13
00-0029658,C.White,Face Mask,15.0,3.0,20.0,77.0,4.0,249.0,2.5823433497571386,0.0007866639643907547,PIT,2014_13_NO_PIT,13
00-0030060,K.Vaccaro,Unnecessary Roughness,15.0,1.0,10.0,98.0,4.0,62.0,1.1166016673087142,0.009178335312753916,PIT,2014_13_NO_PIT,13
00-0023443,A.Rolle,Unnecessary Roughness,15.0,2.0,19.0,87.0,3.0,522.0,2.6498797591775656,0.04238586127758026,JAX,2014_13_NYG_JAX,13
00-0031391,T.Mason,Unsportsmanlike Conduct,15.0,1.0,5.0,89.0,2.0,686.0,6.28064155485481,0.05816995841450989,LA,2014_13_OAK_STL,13
00-0028114,D.Harris,Unnecessary Roughness,10.0,4.0,1.0,49.0,4.0,304.0,-0.7046049926429987,-0.00005367145058698952,PHI,2014_13_PHI_DAL,13
00-0025399,M.Lynch,Taunting,15.0,1.0,10.0,40.0,2.0,143.0,-1.062213135883212,-0.013815581798553467,SEA,2014_13_SEA_SF,13
00-0029273,R.Turbin,Offensive Pass Interference,10.0,2.0,7.0,7.0,3.0,584.0,-1.366999124060385,-0.006357848644256592,SEA,2014_13_SEA_SF,13
00-0030108,R.Griffin,Offensive Pass Interference,10.0,2.0,9.0,17.0,2.0,304.0,-1.1474660671665333,-0.013965785503387451,HOU,2014_13_TEN_HOU,13
00-0029708,K.Wright,Unsportsmanlike Conduct,15.0,1.0,10.0,68.0,2.0,120.0,0.34926410543266684,0.012496188282966614,TEN,2014_13_TEN_HOU,13
00-0029844,J.Staples,Unsportsmanlike Conduct,14.0,,0.0,35.0,2.0,38.0,-0.18191126408055425,0.0007710792124271393,TEN,2014_13_TEN_HOU,13
00-0027001,V.Davis,Taunting,12.0,1.0,10.0,23.0,2.0,138.0,0.8543774503050372,0.0022950172424316406,WAS,2014_13_WAS_IND,13
00-0029668,A.Luck,Intentional Grounding,9.0,2.0,1.0,65.0,2.0,89.0,-0.9682827614014968,-0.03191661834716797,IND,2014_13_WAS_IND,13
00-0028169,F.Kearse,Unsportsmanlike Conduct,15.0,,0.0,2.0,3.0,682.0,0.012202876062428536,0.005276482223313117,WAS,2014_13_WAS_IND,13
00-0020494,S.Moss,Offensive Pass Interference,10.0,1.0,10.0,80.0,4.0,634.0,-1.0573930338723585,-0.0006758429808542132,WAS,2014_13_WAS_IND,13
00-0026980,T.Jackson,Unnecessary Roughness,1.0,2.0,7.0,7.0,1.0,27.0,1.3869398809911218,0.03298896551132202,GB,2014_14_ATL_GB,14
00-0030090,M.Hyde,Face Mask,15.0,2.0,11.0,55.0,3.0,614.0,2.40387179935351,0.01775539666414261,ATL,2014_14_ATL_GB,14
00-0027881,J.Hughes,Unsportsmanlike Conduct,15.0,3.0,8.0,34.0,2.0,343.0,1.765459124930203,0.04952436685562134,DEN,2014_14_BUF_DEN,14
00-0022427,W.Welker,Offensive Pass Interference,10.0,1.0,10.0,33.0,3.0,610.0,-0.9995201453566551,-0.00399547815322876,DEN,2014_14_BUF_DEN,14
00-0025555,C.Graham,Unnecessary Roughness,15.0,3.0,12.0,35.0,3.0,545.0,-3.1718504214659333,-0.017066050320863724,DEN,2014_14_BUF_DEN,14
00-0025516,S.Chandler,Offensive Pass Interference,10.0,3.0,4.0,4.0,4.0,656.0,-1.2087569859577343,-0.003135131672024727,BUF,2014_14_BUF_DEN,14
00-0023016,E.Pears,Unnecessary Roughness,14.0,2.0,10.0,80.0,4.0,232.0,-1.0929890628904104,-0.0004233475774526596,BUF,2014_14_BUF_DEN,14
00-0031359,K.Benjamin,Unnecessary Roughness,15.0,2.0,10.0,78.0,1.0,308.0,-0.7823597844690084,-0.01340782642364502,CAR,2014_14_CAR_NO,14
00-0027962,C.Jordan,Unnecessary Roughness,15.0,1.0,10.0,43.0,3.0,350.0,1.3803046606481075,0.00012969970703125,CAR,2014_14_CAR_NO,14
00-0031209,S.Perry,Illegal Touch Kick,5.0,4.0,13.0,53.0,1.0,360.0,0.09651138354092836,-0.005351930856704712,CHI,2014_14_DAL_CHI,14
00-0031309,T.Smith,Unnecessary Roughness,5.0,3.0,5.0,9.0,2.0,761.0,1.7105013282853179,0.03303933143615723,HOU,2014_14_HOU_JAX,14
00-0030566,D.Swearinger,Unnecessary Roughness,15.0,2.0,10.0,40.0,2.0,482.0,1.2754902226151899,0.050049006938934326,JAX,2014_14_HOU_JAX,14
00-0029435,D.Johnson,Offensive Pass Interference,10.0,2.0,2.0,71.0,3.0,644.0,-1.7104421965777874,-0.04517245292663574,HOU,2014_14_HOU_JAX,14
00-0024268,A.Fasano,Offensive Pass Interference,10.0,3.0,10.0,19.0,3.0,347.0,-0.8790548325050622,-0.05390489101409912,KC,2014_14_KC_ARI,14
00-0023013,B.Browner,Face Mask,15.0,1.0,10.0,80.0,1.0,195.0,1.2392478724941611,0.033341825008392334,LAC,2014_14_NE_SD,14
00-0028984,B.Tyms,Unsportsmanlike Conduct,15.0,4.0,14.0,60.0,3.0,415.0,-0.5960541614331305,-0.02653205394744873,NE,2014_14_NE_SD,14
00-0023013,B.Browner,Unnecessary Roughness,15.0,1.0,10.0,67.0,3.0,404.0,0.9815778532065451,0.028578639030456543,LAC,2014_14_NE_SD,14
00-0022414,M.Floyd,Offensive Pass Interference,10.0,1.0,10.0,32.0,3.0,295.0,-1.0817388758296147,-0.02430260181427002,LAC,2014_14_NE_SD,14
00-0031235,O.Beckham,Unsportsmanlike Conduct,15.0,3.0,16.0,59.0,1.0,115.0,-1.6378475301899016,-0.026680409908294678,NYG,2014_14_NYG_TEN,14
00-0031059,M.Huff,Face Mask,15.0,4.0,3.0,73.0,3.0,819.0,-0.736889136955142,-0.01859336718916893,TEN,2014_14_NYG_TEN,14
00-0030069,D.Moore,Unnecessary Roughness,15.0,3.0,7.0,73.0,4.0,859.0,-3.7166472766548395,-0.0003457202692516148,TEN,2014_14_NYG_TEN,14
00-0028102,C.Brown,Unnecessary Roughness,15.0,3.0,2.0,69.0,4.0,138.0,1.6201295342762023,-5.156289262231439e-6,TEN,2014_14_NYG_TEN,14
00-0029687,M.Kalil,Unsportsmanlike Conduct,15.0,,0.0,2.0,1.0,353.0,0.010720833107992322,0.011700349242335983,MIN,2014_14_NYJ_MIN,14
00-0029607,D.Davis,Unnecessary Roughness,15.0,3.0,4.0,80.0,3.0,653.0,2.2291766193229705,0.046041786670684814,MIN,2014_14_NYJ_MIN,14
00-0029560,D.Kirkpatrick,Unnecessary Roughness,15.0,,0.0,2.0,4.0,687.0,1.102389064617455,0.0746116119101643,PIT,2014_14_PIT_CIN,14
00-0029263,R.Wilson,Intentional Grounding,15.0,3.0,11.0,32.0,2.0,204.0,-2.4388938645715825,-0.10196161270141602,SEA,2014_14_SEA_PHI,14
00-0022531,J.Peters,Unsportsmanlike Conduct,15.0,3.0,6.0,63.0,3.0,225.0,-2.780433507170528,-0.06943418085575104,PHI,2014_14_SEA_PHI,14
00-0027297,A.Howard,Unnecessary Roughness,15.0,2.0,10.0,28.0,1.0,749.0,-2.003881565760821,-0.07504135370254517,LV,2014_14_SF_OAK,14
00-0028263,A.Holmes,Offensive Pass Interference,10.0,2.0,8.0,79.0,1.0,438.0,-1.179451631847769,-0.01589411497116089,LV,2014_14_SF_OAK,14
,,Unsportsmanlike Conduct,15.0,2.0,7.0,72.0,2.0,59.0,0.011229950119741261,0.00825721025466919,SF,2014_14_SF_OAK,14
00-0030513,L.Murray,Offensive Pass Interference,6.0,3.0,7.0,89.0,3.0,854.0,-0.8542429346125573,-0.026742488145828247,LV,2014_14_SF_OAK,14
00-0020840,R.Clark,Unnecessary Roughness,16.0,3.0,1.0,48.0,1.0,400.0,1.5527653157478198,0.08399641513824463,LA,2014_14_STL_WAS,14
00-0028958,C.Harkey,Offensive Pass Interference,10.0,1.0,20.0,32.0,1.0,302.0,-0.8271239786408842,-0.049227356910705566,LA,2014_14_STL_WAS,14
00-0028169,F.Kearse,Face Mask,15.0,3.0,5.0,65.0,4.0,743.0,2.111267867963761,0.0001518726348876953,LA,2014_14_STL_WAS,14
00-0027006,K.Britt,Unnecessary Roughness,15.0,3.0,12.0,52.0,4.0,639.0,-1.8283555768430233,-0.00018399953842163086,LA,2014_14_STL_WAS,14
00-0028795,C.Reynolds,Unnecessary Roughness,15.0,4.0,25.0,65.0,4.0,617.0,0.17186190327629447,-0.0004336360143497586,LA,2014_14_STL_WAS,14
00-0026194,J.Jones,Face Mask,6.0,3.0,14.0,14.0,2.0,17.0,0.9560228979680687,0.030502930283546448,TB,2014_14_TB_DET,14
00-0023496,V.Jackson,Offensive Pass Interference,10.0,2.0,10.0,43.0,4.0,564.0,-0.9200561372563243,-0.019266508519649506,TB,2014_14_TB_DET,14
00-0027006,K.Britt,Offensive Pass Interference,10.0,3.0,3.0,50.0,2.0,686.0,-1.4347366518341005,-0.039766550064086914,LA,2014_15_ARI_STL,15
00-0027061,J.Cook,Offensive Pass Interference,10.0,2.0,10.0,67.0,4.0,632.0,-1.0131465145386755,-0.023798808455467224,LA,2014_15_ARI_STL,15
00-0027014,R.Maualuga,Taunting,15.0,2.0,11.0,59.0,2.0,199.0,1.5439218979445286,0.020127154886722565,CLE,2014_15_CIN_CLE,15
00-0027942,A.Green,Offensive Pass Interference,10.0,3.0,3.0,39.0,3.0,471.0,-1.7081835411954671,-0.008301496505737305,CIN,2014_15_CIN_CLE,15
00-0030653,R.Agnew,Offensive Pass Interference,10.0,1.0,10.0,50.0,3.0,77.0,-0.9726174611132592,-0.0013475874438881874,CLE,2014_15_CIN_CLE,15
00-0021678,T.Romo,Illegal Forward Pass,5.0,3.0,17.0,60.0,2.0,15.0,-0.3348729907302186,-0.010421335697174072,DAL,2014_15_DAL_PHI,15
00-0028003,T.McClain,Unnecessary Roughness,4.0,1.0,10.0,14.0,3.0,406.0,0.9650684295920655,0.030555129051208496,PHI,2014_15_DAL_PHI,15
00-0027744,N.Carroll,Unnecessary Roughness,15.0,,0.0,2.0,3.0,39.0,0.010720833107992322,0.007122092395478563,DAL,2014_15_DAL_PHI,15
00-0027904,R.McClain,Unsportsmanlike Conduct,15.0,2.0,21.0,91.0,4.0,735.0,4.602874817326665,0.07646917551755905,PHI,2014_15_DAL_PHI,15
00-0021547,A.Gates,Offensive Pass Interference,10.0,1.0,10.0,15.0,2.0,519.0,-1.1335939118871465,-0.018102198839187622,LAC,2014_15_DEN_SD,15
00-0030505,D.Fluker,Unnecessary Roughness,15.0,1.0,20.0,25.0,2.0,514.0,-1.1605009612394497,-0.034466296434402466,LAC,2014_15_DEN_SD,15
00-0029682,B.Osweiler,Intentional Grounding,10.0,2.0,10.0,74.0,2.0,81.0,-0.8091471967054531,-0.032384395599365234,DEN,2014_15_DEN_SD,15
00-0031325,S.Watkins,Offensive Pass Interference,10.0,2.0,10.0,48.0,1.0,556.0,-0.9567630242090672,-0.013007402420043945,BUF,2014_15_GB_BUF,15
00-0030119,S.Barrington,Unnecessary Roughness,15.0,2.0,10.0,63.0,2.0,171.0,-1.86043981264811,-0.045160144567489624,BUF,2014_15_GB_BUF,15
00-0029542,S.Gilmore,Face Mask,15.0,1.0,10.0,70.0,4.0,461.0,0.8644934194162488,0.008469246327877045,GB,2014_15_GB_BUF,15
00-0031407,B.Bortles,Illegal Forward Pass,5.0,2.0,7.0,63.0,1.0,680.0,-1.075939184986055,-0.021767571568489075,JAX,2014_15_JAX_BAL,15
00-0028133,J.Thomas,Unnecessary Roughness,15.0,1.0,10.0,80.0,3.0,713.0,1.022975507657975,0.026665478944778442,BAL,2014_15_JAX_BAL,15
00-0031417,J.James,Face Mask,15.0,1.0,10.0,57.0,1.0,614.0,-1.3632072689943016,-0.03353077173233032,MIA,2014_15_MIA_NE,15
00-0030565,G.Smith,Intentional Grounding,6.0,2.0,11.0,94.0,2.0,733.0,-0.7021714129950851,-0.019062459468841553,NYJ,2014_15_NYJ_TEN,15
00-0027531,C.Ivory,Offensive Pass Interference,10.0,1.0,10.0,40.0,2.0,724.0,-0.9111640858463943,-0.02954426407814026,NYJ,2014_15_NYJ_TEN,15
00-0028015,J.Casey,Unnecessary Roughness,15.0,1.0,10.0,81.0,3.0,357.0,4.407415278372355,0.15346530079841614,NYJ,2014_15_NYJ_TEN,15
00-0025828,W.Woodyard,Unsportsmanlike Conduct,15.0,3.0,15.0,81.0,4.0,418.0,2.3541839863173664,0.11817899346351624,NYJ,2014_15_NYJ_TEN,15
00-0030669,A.Wilson,Offensive Pass Interference,10.0,2.0,3.0,72.0,1.0,859.0,-1.5722455107606947,-0.038155555725097656,KC,2014_15_OAK_KC,15
00-0030514,M.Rivera,Offensive Pass Interference,10.0,2.0,10.0,80.0,3.0,120.0,-1.1925708272028714,-0.0006993524730205536,LV,2014_15_OAK_KC,15
00-0030665,D.Sorensen,Unnecessary Roughness,1.0,2.0,2.0,2.0,4.0,41.0,0.7465356222528499,0.00012254982721060514,LV,2014_15_OAK_KC,15
00-0026224,H.Douglas,Offensive Pass Interference,10.0,1.0,10.0,68.0,2.0,807.0,-1.1521537024527788,-0.01427893340587616,ATL,2014_15_PIT_ATL,15
00-0027793,A.Brown,Taunting,15.0,2.0,9.0,62.0,3.0,565.0,-1.635948894545436,-0.04665076732635498,PIT,2014_15_PIT_ATL,15
00-0030548,E.Reid,Unnecessary Roughness,15.0,1.0,10.0,81.0,1.0,402.0,1.5819253928493708,0.034433960914611816,SEA,2014_15_SF_SEA,15
00-0030548,E.Reid,Unnecessary Roughness,15.0,1.0,10.0,44.0,1.0,307.0,1.3880386274540797,0.061255037784576416,SEA,2014_15_SF_SEA,15
00-0031052,B.Breeland,Unnecessary Roughness,15.0,1.0,10.0,77.0,1.0,896.0,1.3154679196886718,0.02560436725616455,NYG,2014_15_WAS_NYG,15
00-0031052,B.Breeland,Taunting,15.0,1.0,10.0,80.0,2.0,499.0,1.7582691728603095,0.04534512758255005,NYG,2014_15_WAS_NYG,15
00-0020494,S.Moss,Unsportsmanlike Conduct,15.0,3.0,8.0,8.0,2.0,8.0,-3.0216329357936047,-0.1327354907989502,WAS,2014_15_WAS_NYG,15
00-0023443,A.Rolle,Unnecessary Roughness,9.0,1.0,10.0,28.0,3.0,324.0,1.3461228300002404,0.040191650390625,WAS,2014_15_WAS_NYG,15
00-0026714,N.Sundberg,Unnecessary Roughness,15.0,4.0,5.0,75.0,4.0,900.0,-0.9213656494393945,-0.023767784237861633,WAS,2014_15_WAS_NYG,15
00-0030085,K.Stills,Unnecessary Roughness,15.0,4.0,7.0,39.0,1.0,244.0,-2.902143595740199,-0.050958096981048584,NO,2014_16_ATL_NO,16
00-0023462,R.White,Unnecessary Roughness,15.0,3.0,1.0,46.0,1.0,207.0,-3.882990820100531,-0.06589135527610779,ATL,2014_16_ATL_NO,16
00-0024535,E.Weems,Offensive Pass Interference,10.0,2.0,10.0,31.0,2.0,852.0,-1.3983460896415636,-0.050270020961761475,ATL,2014_16_ATL_NO,16
00-0022839,D.Smith,Unnecessary Roughness,15.0,3.0,6.0,76.0,2.0,681.0,2.7775220195762813,0.06711399555206299,HOU,2014_16_BAL_HOU,16
00-0026158,J.Flacco,Intentional Grounding,6.0,2.0,10.0,92.0,2.0,593.0,-1.8447031365940347,-0.039497628808021545,BAL,2014_16_BAL_HOU,16
00-0028137,J.Powe,Unnecessary Roughness,9.0,2.0,9.0,9.0,3.0,728.0,0.6979995127767324,0.007831878960132599,BAL,2014_16_BAL_HOU,16
00-0031171,P.Brown,Unsportsmanlike Conduct,15.0,,0.0,2.0,4.0,171.0,0.010720833107992322,0.002748489729487713,LV,2014_16_BUF_OAK,16
00-0023509,J.Tuck,Unsportsmanlike Conduct,15.0,,0.0,2.0,4.0,69.0,0.010720833107992322,0.0022781604926240817,BUF,2014_16_BUF_OAK,16
00-0029285,J.Norman,Unnecessary Roughness,15.0,3.0,8.0,47.0,2.0,900.0,2.3788138715317473,0.09240511059761047,CLE,2014_16_CLE_CAR,16
00-0031118,C.Brown,Unnecessary Roughness,14.0,2.0,10.0,75.0,2.0,69.0,-0.7909006257541478,-0.03220093250274658,CAR,2014_16_CLE_CAR,16
00-0029586,D.Wolfe,Unnecessary Roughness,15.0,1.0,10.0,32.0,3.0,361.0,0.8219461031258106,0.02474677562713623,CIN,2014_16_DEN_CIN,16
00-0025408,R.Nelson,Taunting,15.0,2.0,11.0,80.0,4.0,800.0,-3.370659544831142,-0.15774697065353394,DEN,2014_16_DEN_CIN,16
00-0027874,D.Thomas,Face Mask,12.0,3.0,6.0,76.0,4.0,431.0,-1.3541197730228305,-0.07281076908111572,DEN,2014_16_DEN_CIN,16
00-0026201,M.Bennett,Unsportsmanlike Conduct,15.0,4.0,1.0,1.0,2.0,767.0,-4.70404028671328,-0.0871756374835968,CHI,2014_16_DET_CHI,16
00-0030059,E.Ansah,Unnecessary Roughness,15.0,2.0,3.0,72.0,4.0,146.0,0.814635309507139,0.04057060182094574,CHI,2014_16_DET_CHI,16
00-0031408,M.Evans,Offensive Pass Interference,10.0,1.0,10.0,30.0,2.0,134.0,-1.1202762613538653,-0.04376545548439026,TB,2014_16_GB_TB,16
00-0025920,J.Freeman,Taunting,15.0,3.0,11.0,48.0,1.0,605.0,2.4045099653303623,0.09376651048660278,DAL,2014_16_IND_DAL,16
00-0031276,T.Patmon,Face Mask,15.0,2.0,12.0,80.0,4.0,573.0,1.507248600013554,-0.000017219594155903906,IND,2014_16_IND_DAL,16
00-0025557,W.Gay,Taunting,15.0,3.0,16.0,77.0,4.0,759.0,2.6204636187758297,0.05179698020219803,KC,2014_16_KC_PIT,16
00-0026561,R.Foster,Unnecessary Roughness,15.0,4.0,4.0,5.0,4.0,249.0,0.05515853192378639,0.001285891979932785,PIT,2014_16_KC_PIT,16
00-0030113,Ch.Johnson,Offensive Pass Interference,10.0,3.0,2.0,72.0,3.0,835.0,-1.65203872974962,-0.015794456005096436,MIN,2014_16_MIN_MIA,16
00-0030385,G.Hodges,Unnecessary Roughness,14.0,2.0,7.0,30.0,3.0,110.0,1.3198524449253455,0.07766979932785034,MIA,2014_16_MIN_MIA,16
00-0028173,J.Wilson,Unnecessary Roughness,15.0,2.0,11.0,63.0,4.0,762.0,1.635250330902636,0.08951953053474426,MIN,2014_16_MIN_MIA,16
00-0029693,O.Vernon,Unnecessary Roughness,15.0,,0.0,1.0,4.0,286.0,1.053,0.11560273629426954,MIN,2014_16_MIN_MIA,16
00-0031235,O.Beckham,Taunting,15.0,2.0,8.0,9.0,1.0,508.0,2.2735292023280635,0.06597027805300404,NYG,2014_16_NYG_STL,16
00-0021940,J.Brown,Unnecessary Roughness,15.0,,0.0,20.0,1.0,504.0,1.8911930369213223,0.04040902853012085,LA,2014_16_NYG_STL,16
00-0030530,T.McDonald,Taunting,12.0,1.0,10.0,29.0,2.0,326.0,0.9373111192253418,0.023354411125183105,NYG,2014_16_NYG_STL,16
00-0023443,A.Rolle,Face Mask,15.0,1.0,5.0,10.0,2.0,145.0,1.7625078241690062,0.023032373335139744,LA,2014_16_NYG_STL,16
,,Unnecessary Roughness,13.0,1.0,10.0,80.0,2.0,130.0,-1.061639401363209,-0.048044681549072266,NYG,2014_16_NYG_STL,16
00-0026369,C.Williams,Unnecessary Roughness,7.0,3.0,9.0,15.0,1.0,467.0,1.6378409347380511,0.03793835639953613,WAS,2014_16_PHI_WAS,16
00-0029249,M.Ingram,Unnecessary Roughness,3.0,3.0,6.0,6.0,2.0,27.0,1.7186795935267583,0.01236581802368164,SF,2014_16_SD_SF,16
,,Unsportsmanlike Conduct,15.0,3.0,1.0,1.0,2.0,11.0,2.339224209310487,0.009650451226335788,SF,2014_16_SD_SF,16
00-0025415,J.Staley,Unsportsmanlike Conduct,15.0,3.0,20.0,78.0,3.0,215.0,-6.060026544611901,-0.13301316906268223,SF,2014_16_SD_SF,16
00-0030770,B.Coyle,Unnecessary Roughness,11.0,4.0,20.0,65.0,2.0,112.0,0.32223281322512776,0.03684733808040619,ARI,2014_16_SEA_ARI,16
00-0022341,G.Wilson,Face Mask,15.0,1.0,10.0,56.0,2.0,141.0,2.1261287069064565,0.06164434552192688,JAX,2014_16_TEN_JAX,16
00-0027725,C.Harbor,Offensive Pass Interference,10.0,1.0,10.0,23.0,2.0,125.0,-0.9686614266247489,-0.03466358780860901,JAX,2014_16_TEN_JAX,16
00-0028052,C.Shorts,Offensive Pass Interference,10.0,1.0,10.0,35.0,3.0,803.0,-0.9840301274089143,-0.06616485118865967,JAX,2014_16_TEN_JAX,16
00-0026178,J.Carlson,Offensive Pass Interference,6.0,2.0,13.0,88.0,4.0,900.0,-0.47559713083319366,-0.01461637020111084,ARI,2014_17_ARI_SF,17
00-0030041,N.Robey,Face Mask,9.0,2.0,8.0,22.0,1.0,289.0,1.2805535954539664,0.02858230471611023,NE,2014_17_BUF_NE,17
00-0029280,R.Brooks,Unnecessary Roughness,15.0,3.0,11.0,45.0,4.0,454.0,2.3157022615196183,0.06882032752037048,NE,2014_17_BUF_NE,17
00-0029285,J.Norman,Unsportsmanlike Conduct,15.0,4.0,5.0,36.0,3.0,23.0,-8.658829096937552,-0.003381190481639096,ATL,2014_17_CAR_ATL,17
00-0030113,Ch.Johnson,Offensive Pass Interference,10.0,1.0,10.0,47.0,1.0,545.0,-0.8182540026027709,-0.005818605422973633,MIN,2014_17_CHI_MIN,17
00-0031041,K.Fuller,Unsportsmanlike Conduct,15.0,1.0,10.0,44.0,3.0,660.0,3.6937888127285987,0.14640484104827767,MIN,2014_17_CHI_MIN,17
00-0026314,J.Morgan,Illegal Touch Pass,5.0,1.0,15.0,80.0,4.0,148.0,-0.2644972887355834,-0.02108067274093628,CHI,2014_17_CHI_MIN,17
,,Unsportsmanlike Conduct,15.0,4.0,19.0,72.0,4.0,77.0,-3.669747188396286,-0.009868253022432327,CIN,2014_17_CIN_PIT,17
00-0029287,T.Carder,Unnecessary Roughness,15.0,,0.0,35.0,2.0,152.0,0.9995303931646049,0.03127163648605347,BAL,2014_17_CLE_BAL,17
00-0029252,C.Upshaw,Unnecessary Roughness,15.0,2.0,7.0,90.0,3.0,60.0,1.5869469484314322,0.0321161150932312,CLE,2014_17_CLE_BAL,17
00-0026945,E.Biggers,Face Mask,14.0,2.0,9.0,39.0,2.0,564.0,2.092922255047597,0.020687997341156006,DAL,2014_17_DAL_WAS,17
00-0027857,Tren.Williams,Unnecessary Roughness,11.0,3.0,3.0,77.0,3.0,499.0,-2.5768655948340893,-0.029504336416721344,WAS,2014_17_DAL_WAS,17
00-0030196,J.Heath,Face Mask,2.0,2.0,3.0,8.0,4.0,443.0,1.011218658357393,-0.0012730099260807037,WAS,2014_17_DAL_WAS,17
00-0028009,D.Murray,Face Mask,15.0,1.0,10.0,54.0,4.0,390.0,-1.375971044646576,-0.007898092269897461,DAL,2014_17_DAL_WAS,17
00-0027050,D.Levy,Face Mask,4.0,2.0,10.0,10.0,4.0,591.0,1.4193585087778047,0.018496930599212646,GB,2014_17_DET_GB,17
00-0026498,M.Stafford,Intentional Grounding,10.0,1.0,10.0,90.0,4.0,159.0,-2.136185469571501,-0.006064960733056068,DET,2014_17_DET_GB,17
00-0027872,K.Jackson,Face Mask,15.0,2.0,15.0,85.0,4.0,761.0,2.13461192836985,0.07316888868808746,JAX,2014_17_JAX_HOU,17
00-0030228,A.Bouye,Face Mask,15.0,1.0,10.0,85.0,4.0,171.0,0.940492675639689,0.0334392786026001,JAX,2014_17_JAX_HOU,17
00-0030091,T.King,Illegal Touch Kick,5.0,,0.0,20.0,4.0,65.0,2.9885989141766913,0.033697664737701416,NO,2014_17_NO_TB,17
00-0027685,E.Sanders,Face Mask,16.0,2.0,7.0,51.0,1.0,776.0,-1.4559781139250845,-0.023310363292694092,DEN,2014_17_OAK_DEN,17
00-0026990,M.Jenkins,Face Mask,15.0,2.0,10.0,50.0,2.0,240.0,1.692757032578811,0.08811497688293457,NYG,2014_17_PHI_NYG,17
00-0029262,R.Randle,Offensive Pass Interference,10.0,2.0,3.0,3.0,2.0,142.0,-1.546559742972022,-0.060516536235809326,NYG,2014_17_PHI_NYG,17
00-0027683,J.Walton,Unnecessary Roughness,15.0,1.0,10.0,48.0,3.0,660.0,-1.9253681239206344,-0.05441991984844208,NYG,2014_17_PHI_NYG,17
00-0023443,A.Rolle,Face Mask,15.0,1.0,10.0,74.0,4.0,701.0,1.5108012170530856,0.04991555213928223,PHI,2014_17_PHI_NYG,17
00-0022942,P.Rivers,Intentional Grounding,10.0,1.0,10.0,44.0,4.0,119.0,-1.1677595225628465,-0.007766527123749256,LAC,2014_17_SD_KC,17
00-0028442,R.Lockette,Unnecessary Roughness,15.0,4.0,12.0,80.0,1.0,731.0,-0.5757926374208182,-0.026966363191604614,SEA,2014_17_STL_SEA,17
00-0029614,C.Givens,Offensive Pass Interference,10.0,1.0,10.0,38.0,4.0,225.0,-1.027608031698037,-0.007488802075386047,LA,2014_17_STL_SEA,17
00-0028339,M.Addison,Face Mask,15.0,4.0,2.0,44.0,4.0,176.0,-0.8253327995771542,-0.0022489428520202637,CAR,2014_18_ARI_CAR,18
00-0027023,M.Mitchell,Unnecessary Roughness,15.0,1.0,10.0,80.0,1.0,84.0,0.8848209781572223,0.03530958294868469,BAL,2014_18_BAL_PIT,18
00-0029901,R.Melvin,Unnecessary Roughness,9.0,1.0,10.0,24.0,2.0,489.0,0.6985322996042669,0.041316986083984375,PIT,2014_18_BAL_PIT,18
00-0027889,J.Worilds,Unnecessary Roughness,15.0,2.0,6.0,53.0,2.0,286.0,1.9022846210282296,0.05173945426940918,BAL,2014_18_BAL_PIT,18
00-0030412,S.Thomas,Unnecessary Roughness,15.0,,0.0,35.0,4.0,661.0,1.0018424747977406,0.03352653980255127,BAL,2014_18_BAL_PIT,18
00-0027793,A.Brown,Face Mask,12.0,1.0,10.0,80.0,4.0,476.0,-1.087365665473044,-0.005831057205796242,PIT,2014_18_BAL_PIT,18
00-0031373,M.Bryant,Offensive Pass Interference,10.0,1.0,10.0,69.0,4.0,109.0,-0.48946782562416047,-0.00441618449985981,PIT,2014_18_BAL_PIT,18
00-0031083,A.Jackson,Face Mask,15.0,,0.0,35.0,2.0,514.0,0.5988091472536325,0.02384185791015625,CIN,2014_18_CIN_IND,18
00-0031380,D.Dennard,Unnecessary Roughness,10.0,4.0,3.0,68.0,3.0,694.0,0.9117637239396572,0.005200505256652832,IND,2014_18_CIN_IND,18
00-0030730,M.Seisay,Unnecessary Roughness,0.0,4.0,7.0,60.0,1.0,564.0,1.394372477196157,0.018954932689666748,DAL,2014_18_DET_DAL,18
00-0030542,T.Williams,Offensive Pass Interference,10.0,3.0,2.0,66.0,2.0,115.0,-0.9724824262084439,-0.03220304846763611,DAL,2014_18_DET_DAL,18
00-0029212,T.Whitehead,Unnecessary Roughness,15.0,2.0,5.0,45.0,4.0,900.0,1.8684688473003916,0.09777724742889404,DAL,2014_18_DET_DAL,18
00-0027996,T.Smith,Unnecessary Roughness,15.0,2.0,10.0,56.0,2.0,896.0,-1.8795771934092045,-0.04717099666595459,BAL,2014_19_BAL_NE,19
00-0028107,C.White,Taunting,15.0,4.0,25.0,39.0,2.0,576.0,-1.2852588663809001,0.0025271475315093994,NE,2014_19_BAL_NE,19
00-0027996,T.Smith,Taunting,15.0,4.0,6.0,36.0,3.0,640.0,3.554384965216741,0.08941954374313354,BAL,2014_19_BAL_NE,19
,,Unsportsmanlike Conduct,5.0,2.0,6.0,24.0,3.0,439.0,1.619247630937025,0.02870158851146698,NE,2014_19_BAL_NE,19
00-0029295,J.Lane,Unnecessary Roughness,15.0,4.0,2.0,81.0,1.0,590.0,0.33670464204624295,0.013848453760147095,CAR,2014_19_CAR_SEA,19
00-0028442,R.Lockette,Taunting,15.0,3.0,12.0,33.0,1.0,288.0,-2.2975563786458224,-0.0723876953125,SEA,2014_19_CAR_SEA,19
00-0024102,T.McDaniel,Face Mask,15.0,1.0,10.0,55.0,2.0,172.0,1.237574543512892,0.02130916714668274,CAR,2014_19_CAR_SEA,19
00-0027078,T.Lang,Unnecessary Roughness,15.0,2.0,6.0,12.0,3.0,543.0,-1.658672121935524,-0.07776904106140137,GB,2014_19_DAL_GB,19
00-0029284,M.Daniels,Taunting,15.0,3.0,7.0,77.0,1.0,637.0,-4.344927010126412,-0.1235925555229187,SEA,2014_20_GB_SEA,20
00-0022712,V.Wilfork,Unnecessary Roughness,15.0,2.0,1.0,84.0,2.0,514.0,0.808513707946986,0.007101759314537048,IND,2014_20_IND_NE,20
00-0026071,K.Arrington,Face Mask,10.0,2.0,10.0,44.0,2.0,11.0,1.4154555198620073,0.07006388902664185,SEA,2014_21_NE_SEA,21
00-0028434,D.Baldwin,Unsportsmanlike Conduct,15.0,2.0,3.0,3.0,3.0,300.0,1.2752090554567985,0.02239772754582059,SEA,2014_21_NE_SEA,21
00-0027866,E.Thomas,Unnecessary Roughness,15.0,1.0,10.0,51.0,4.0,592.0,1.6818047919077799,0.04721107333898544,NE,2014_21_NE_SEA,21
00-0026035,D.Amendola,Offensive Pass Interference,10.0,2.0,1.0,42.0,4.0,295.0,-1.601100587984547,-0.09718462824821472,NE,2014_21_NE_SEA,21
,,Unsportsmanlike Conduct,1.0,2.0,1.0,1.0,4.0,26.0,-5.543932422064245,-0.5729156732559204,SEA,2014_21_NE_SEA,21
